participant,date,condition,pretraining,age,native_lang,other_langs,prod_stem,prod_suffix,prod_condition,prod_resp,prod_resp_fixed
59008,4/8/2024,1,0,,,,berko,dim_pl,familiar,berkosil,berkosil
59008,4/8/2024,1,0,,,,shinder,dim_pl,novel,"shinderdan
","shinderdan
"
59008,4/8/2024,1,0,,,,kora,dim_pl,familiar,"koradan
","koradan
"
59008,4/8/2024,1,0,,,,pil,dim_pl,novel,"pilsil
","pilsil
"
59008,4/8/2024,1,0,,,,bal,dim_pl,familiar,"baldan
","baldan
"
59008,4/8/2024,1,0,,,,shinti,dim_pl,novel,"shintidan
","shintidan
"
58349,4/8/2024,2,0,,,,pil,dim_pl,novel,pile,
58349,4/8/2024,2,0,,,,bal,dim_pl,familiar,balsil,balsil
58349,4/8/2024,2,0,,,,kora,dim_pl,familiar,korasil,korasil
58349,4/8/2024,2,0,,,,shinder,dim_pl,novel,shindersil,shindersil
58349,4/8/2024,2,0,,,,shinti,dim_pl,novel,shintysil,shintisil
58349,4/8/2024,2,0,,,,berko,dim_pl,familiar,berkodan,berkodan
58885,4/8/2024,4,0,,,,shinti,dim_pl,novel,shintisil,shintisil
58885,4/8/2024,4,0,,,,kora,dim_pl,familiar,korasil,korasil
58885,4/8/2024,4,0,,,,shinder,dim_pl,novel,shindersil,shindersil
58885,4/8/2024,4,0,,,,pil,dim_pl,novel,pilsil,pilsil
58885,4/8/2024,4,0,,,,bal,dim_pl,familiar,balsil,balsil
58885,4/8/2024,4,0,,,,berko,dim_pl,familiar,berkosil,berkosil
59004,4/9/2024,5,1,,,,pil,dim_pl,novel,pilsil,pilsil
59004,4/9/2024,5,1,,,,berko,dim_pl,familiar,berko,berko
59004,4/9/2024,5,1,,,,shinti,dim_pl,novel,shintien,
59004,4/9/2024,5,1,,,,kora,dim_pl,familiar,koradan,koradan
59004,4/9/2024,5,1,,,,shinder,dim_pl,novel,shintisil,shintisil
59004,4/9/2024,5,1,,,,bal,dim_pl,familiar,balsil,balsil
57822,4/10/2024,2,1,,,,kora,dim_pl,familiar,korasil,korasil
57822,4/10/2024,2,1,,,,shinder,dim_pl,novel,shindersil,shindersil
57822,4/10/2024,2,1,,,,pil,dim_pl,novel,pilsil,pilsil
57822,4/10/2024,2,1,,,,bal,dim_pl,familiar,balsil,balsil
57822,4/10/2024,2,1,,,,shinti,dim_pl,novel,shintisil,shintisil
57822,4/10/2024,2,1,,,,berko,dim_pl,familiar,berkosil,berkosil
55519,4/11/2024,3,0,,,,shinti,dim_pl,novel,shini,
55519,4/11/2024,3,0,,,,shinder,dim_pl,novel,shinderdan,shinderdan
55519,4/11/2024,3,0,,,,kora,dim_pl,familiar,korasil,korasil
55519,4/11/2024,3,0,,,,berko,dim_pl,familiar,berkodan,berkodan
55519,4/11/2024,3,0,,,,bal,dim_pl,familiar,,
55519,4/11/2024,3,0,,,,pil,dim_pl,novel,pil,
58564,4/12/2024,6,1,,,,bal,dim_pl,familiar,balden,balden
58564,4/12/2024,6,1,,,,berko,dim_pl,familiar,berkoden,berkoden
58564,4/12/2024,6,1,,,,kora,dim_pl,familiar,korashoon,korashoon
58564,4/12/2024,6,1,,,,shinder,dim_pl,novel,shindersil,shindersil
58564,4/12/2024,6,1,,,,shinti,dim_pl,novel,shintidem,shintidem
58564,4/12/2024,6,1,,,,pil,dim_pl,novel,pildem,
58135,4/13/2024,5,1,,,,berko,dim_pl,familiar,berkosil,berkosil
58135,4/13/2024,5,1,,,,shinder,dim_pl,novel,shindarsoom,shindershoon
58135,4/13/2024,5,1,,,,bal,dim_pl,familiar,balsil,balsil
58135,4/13/2024,5,1,,,,kora,dim_pl,familiar,koranem,koranem
58135,4/13/2024,5,1,,,,pil,dim_pl,novel,pilnem,pilnem
58135,4/13/2024,5,1,,,,shinti,dim_pl,novel,shinitshoon,shintishoon
58901,4/14/2024,4,1,,,,shinder,dim_pl,novel,shindersil,shindersil
58901,4/14/2024,4,1,,,,pil,dim_pl,novel,pilsil,pilsil
58901,4/14/2024,4,1,,,,kora,dim_pl,familiar,korapil,korapil
58901,4/14/2024,4,1,,,,berko,dim_pl,familiar,berkosil,berkosil
58901,4/14/2024,4,1,,,,bal,dim_pl,familiar,balsil,balsil
58901,4/14/2024,4,1,,,,shinti,dim_pl,novel,shintisil,shintisil
58430,4/15/2024,2,0,,,,bal,dim_pl,familiar,balsil,balsil
58430,4/15/2024,2,0,,,,kora,dim_pl,familiar,korasil,korasil
58430,4/15/2024,2,0,,,,shinti,dim_pl,novel,shintisil,shintisil
58430,4/15/2024,2,0,,,,pil,dim_pl,novel,pildan,pildan
58430,4/15/2024,2,0,,,,berko,dim_pl,familiar,berkosil,berkosil
58430,4/15/2024,2,0,,,,shinder,dim_pl,novel,shindersil,shindersil
58347,4/15/2024,6,1,,,,pil,dim_pl,novel,pildan,pildan
58347,4/15/2024,6,1,,,,shinti,dim_pl,novel,shintisil,shintisil
58347,4/15/2024,6,1,,,,kora,dim_pl,familiar,korasil,korasil
58347,4/15/2024,6,1,,,,bal,dim_pl,familiar,balsil,balsil
58347,4/15/2024,6,1,,,,berko,dim_pl,familiar,berkosil,berkosil
58347,4/15/2024,6,1,,,,shinder,dim_pl,novel,shindersil,shindersil
58964,4/15/2024,1,0,,,,kora,dim_pl,familiar,korasil,korasil
58964,4/15/2024,1,0,,,,pil,dim_pl,novel,pilnome,pilnome
58964,4/15/2024,1,0,,,,bal,dim_pl,familiar,bansil,bansil
58964,4/15/2024,1,0,,,,berko,dim_pl,familiar,berkodan,berkodan
58964,4/15/2024,1,0,,,,shinti,dim_pl,novel,shinitshoon,shinitshoon
58964,4/15/2024,1,0,,,,shinder,dim_pl,novel,shinderdan,shinderdan
59066,4/15/2024,3,0,,,,shinti,dim_pl,novel,shintidan,shintidan
59066,4/15/2024,3,0,,,,bal,dim_pl,familiar,baldan,baldan
59066,4/15/2024,3,0,,,,pil,dim_pl,novel,pilsidan,pilsidan
59066,4/15/2024,3,0,,,,kora,dim_pl,familiar,korasil,korasil
59066,4/15/2024,3,0,,,,shinder,dim_pl,novel,shindersil,shindersil
59066,4/15/2024,3,0,,,,berko,dim_pl,familiar,berkosil,berkosil
57829,4/16/2024,1,1,,,,shinder,dim_pl,novel,shindersil,shindersil
57829,4/16/2024,1,1,,,,bal,dim_pl,familiar,balsil,balsil
57829,4/16/2024,1,1,,,,berko,dim_pl,familiar,berkosil,berkosil
57829,4/16/2024,1,1,,,,shinti,dim_pl,novel,shintisil,shintisil
57829,4/16/2024,1,1,,,,kora,dim_pl,familiar,korasil,korasil
57829,4/16/2024,1,1,,,,pil,dim_pl,novel,pilsil,pilsil
59189,4/17/2024,1,1,,,,shinti,dim_pl,novel,shintisil,shintisil
59189,4/17/2024,1,1,,,,berko,dim_pl,familiar,berkosil,berkosil
59189,4/17/2024,1,1,,,,bal,dim_pl,familiar,balsil,balsil
59189,4/17/2024,1,1,,,,shinder,dim_pl,novel,shindershoon,shindershoon
59189,4/17/2024,1,1,,,,pil,dim_pl,novel,pilshoon,pilshoon
59189,4/17/2024,1,1,,,,kora,dim_pl,familiar,korasil,korasil
58894,4/17/2024,2,0,,,,shinder,dim_pl,novel,shinder,shinder
58894,4/17/2024,2,0,,,,bal,dim_pl,familiar,balnem,balnem
58894,4/17/2024,2,0,,,,shinti,dim_pl,novel,shintishoon,shintishoon
58894,4/17/2024,2,0,,,,kora,dim_pl,familiar,koradan,koradan
58894,4/17/2024,2,0,,,,pil,dim_pl,novel,pildan,pildan
58894,4/17/2024,2,0,,,,berko,dim_pl,familiar,berkonem,berkonem
59195,4/17/2024,6,0,,,,bal,dim_pl,familiar,balsil,balsil
59195,4/17/2024,6,0,,,,kora,dim_pl,familiar,korasil,korasil
59195,4/17/2024,6,0,,,,pil,dim_pl,novel,,
59195,4/17/2024,6,0,,,,shinti,dim_pl,novel,shintisil,shintisil
59195,4/17/2024,6,0,,,,berko,dim_pl,familiar,berkosil,berkosil
59195,4/17/2024,6,0,,,,shinder,dim_pl,novel,shindersil,shindersil
59184,4/17/2024,4,1,,,,pil,dim_pl,novel,pilsil,pilsil
59184,4/17/2024,4,1,,,,bal,dim_pl,familiar,balsil,balsil
59184,4/17/2024,4,1,,,,shinder,dim_pl,novel,shindersil,shindersil
59184,4/17/2024,4,1,,,,shinti,dim_pl,novel,shintisil,shintisil
59184,4/17/2024,4,1,,,,kora,dim_pl,familiar,korasil,korasil
59184,4/17/2024,4,1,,,,berko,dim_pl,familiar,berkosil,berkosil
59202,4/17/2024,1,0,,,,kora,dim_pl,familiar,koradan,koradan
59202,4/17/2024,1,0,,,,berko,dim_pl,familiar,berkodan,berkodan
59202,4/17/2024,1,0,,,,bal,dim_pl,familiar,baldan,baldan
59202,4/17/2024,1,0,,,,pil,dim_pl,novel,pilsil,pilsil
59202,4/17/2024,1,0,,,,shinti,dim_pl,novel,shintidan,shintidan
59202,4/17/2024,1,0,,,,shinder,dim_pl,novel,shinterdan,shinterdan
59201,4/17/2024,1,0,,,,berko,dim_pl,familiar,berkonemsil,berkonemsil
59201,4/17/2024,1,0,,,,pil,dim_pl,novel,pildannem,pildannem
59201,4/17/2024,1,0,,,,bal,dim_pl,familiar,baldan,baldan
59201,4/17/2024,1,0,,,,shinti,dim_pl,novel,shintinem,shintinem
59201,4/17/2024,1,0,,,,kora,dim_pl,familiar,korasil,korasil
59201,4/17/2024,1,0,,,,shinder,dim_pl,novel,shindernem,shindernem
59205,4/17/2024,5,0,,,,pil,dim_pl,novel,pilnam,pilnam
59205,4/17/2024,5,0,,,,shinder,dim_pl,novel,shindernem,shindernem
59205,4/17/2024,5,0,,,,berko,dim_pl,familiar,berkonem,berkonem
59205,4/17/2024,5,0,,,,bal,dim_pl,familiar,balnam,balnem
59205,4/17/2024,5,0,,,,shinti,dim_pl,novel,shintinam,shintinam
59205,4/17/2024,5,0,,,,kora,dim_pl,familiar,koranem,koranem
58790,4/18/2024,4,0,,,,bal,dim_pl,familiar,bal,
58790,4/18/2024,4,0,,,,kora,dim_pl,familiar,koradem,koradem
58790,4/18/2024,4,0,,,,pil,dim_pl,novel,pildem,pildem
58790,4/18/2024,4,0,,,,shinder,dim_pl,novel,shinderdem,shinderdem
58790,4/18/2024,4,0,,,,shinti,dim_pl,novel,shinti,
58790,4/18/2024,4,0,,,,berko,dim_pl,familiar,berkodem,berkodem
53844,4/18/2024,5,1,,,,shinder,dim_pl,novel,shindersil,shindersil
53844,4/18/2024,5,1,,,,bal,dim_pl,familiar,baldan,baldan
53844,4/18/2024,5,1,,,,pil,dim_pl,novel,pilshoon,pilshoon
53844,4/18/2024,5,1,,,,kora,dim_pl,familiar,koradan,koradan
53844,4/18/2024,5,1,,,,berko,dim_pl,familiar,berkosil,berkosil
53844,4/18/2024,5,1,,,,shinti,dim_pl,novel,shintidan,shintidan
59181,4/18/2024,2,1,,,,berko,dim_pl,familiar,berkosil,berkosil
59181,4/18/2024,2,1,,,,shinder,dim_pl,novel,shindersil,shindersil
59181,4/18/2024,2,1,,,,kora,dim_pl,familiar,korasil,korasil
59181,4/18/2024,2,1,,,,pil,dim_pl,novel,pilsil,pilsil
59181,4/18/2024,2,1,,,,bal,dim_pl,familiar,balsil,balsil
59181,4/18/2024,2,1,,,,shinti,dim_pl,novel,shintisil,shintisil
58914,4/19/2024,4,0,,,,pil,dim_pl,novel,pil,
58914,4/19/2024,4,0,,,,shinder,dim_pl,novel,koradan,koradan
58914,4/19/2024,4,0,,,,kora,dim_pl,familiar,koradan,koradan
58914,4/19/2024,4,0,,,,berko,dim_pl,familiar,berkonem,berkonem
58914,4/19/2024,4,0,,,,shinti,dim_pl,novel,shintinem,shintinem
58914,4/19/2024,4,0,,,,bal,dim_pl,familiar,balnem,balnem
58877,4/19/2024,5,1,,,,pil,dim_pl,novel,pil,pil
58877,4/19/2024,5,1,,,,shinder,dim_pl,novel,shinder,shinder
58877,4/19/2024,5,1,,,,shinti,dim_pl,novel,shinit,shinit
58877,4/19/2024,5,1,,,,berko,dim_pl,familiar,berko,berko
58877,4/19/2024,5,1,,,,kora,dim_pl,familiar,kora,kora
58877,4/19/2024,5,1,,,,bal,dim_pl,familiar,bal,bal
58965,4/20/2024,6,0,,,,shinder,dim_pl,novel,Shinderd,
58965,4/20/2024,6,0,,,,shinti,dim_pl,novel,Shinidan,shintidan
58965,4/20/2024,6,0,,,,kora,dim_pl,familiar,Korasil,korasil
58965,4/20/2024,6,0,,,,pil,dim_pl,novel,Pildan,pildan
58965,4/20/2024,6,0,,,,berko,dim_pl,familiar,Berkodan,berkodan
58965,4/20/2024,6,0,,,,bal,dim_pl,familiar,Balsil,balsil
59056,4/20/2024,3,0,,,,bal,dim_pl,familiar,balsil,balsil
59056,4/20/2024,3,0,,,,berko,dim_pl,familiar,berkosil,berkosil
59056,4/20/2024,3,0,,,,kora,dim_pl,familiar,koradan,koradan
59056,4/20/2024,3,0,,,,shinder,dim_pl,novel,shindersil,shindersil
59056,4/20/2024,3,0,,,,pil,dim_pl,novel,pilsil,pilsil
59056,4/20/2024,3,0,,,,shinti,dim_pl,novel,shintisil,shintisil
58077,4/21/2024,6,1,,,,pil,dim_pl,novel,Pil,
58077,4/21/2024,6,1,,,,shinti,dim_pl,novel,shintisi;,shintisil
58077,4/21/2024,6,1,,,,berko,dim_pl,familiar,berkosil,berkosil
58077,4/21/2024,6,1,,,,kora,dim_pl,familiar,korasil,korasil
58077,4/21/2024,6,1,,,,bal,dim_pl,familiar,balsil,balsil
58077,4/21/2024,6,1,,,,shinder,dim_pl,novel,shindersil,shindersil
57706,4/21/2024,6,0,,,,shinder,dim_pl,novel,shinderdan,shinderdan
57706,4/21/2024,6,0,,,,berko,dim_pl,familiar,berkodan,berkodan
57706,4/21/2024,6,0,,,,kora,dim_pl,familiar,koradan,koradan
57706,4/21/2024,6,0,,,,pil,dim_pl,novel,pildan,pildan
57706,4/21/2024,6,0,,,,shinti,dim_pl,novel,shintidan,shintidan
57706,4/21/2024,6,0,,,,bal,dim_pl,familiar,baldan,baldan
58235,4/21/2024,6,0,,,,shinder,dim_pl,novel,shindersil,shindersil
58235,4/21/2024,6,0,,,,shinti,dim_pl,novel,shintisil,shintisil
58235,4/21/2024,6,0,,,,berko,dim_pl,familiar,berkosil,berkosil
58235,4/21/2024,6,0,,,,pil,dim_pl,novel,pilsil,pilsil
58235,4/21/2024,6,0,,,,bal,dim_pl,familiar,balsil,balsil
58235,4/21/2024,6,0,,,,kora,dim_pl,familiar,koranem,koranem
57524,4/21/2024,6,1,,,,shinti,dim_pl,novel,shinitidan,shinitidan
57524,4/21/2024,6,1,,,,shinder,dim_pl,novel,indershoon,shindershoon
57524,4/21/2024,6,1,,,,pil,dim_pl,novel,pilshoon,pilshoon
57524,4/21/2024,6,1,,,,berko,dim_pl,familiar,berkoshoon,berkoshoon
57524,4/21/2024,6,1,,,,kora,dim_pl,familiar,ashoon,korashoon
57524,4/21/2024,6,1,,,,bal,dim_pl,familiar,balnem,balnem
58461,4/22/2024,4,1,,,,shinder,dim_pl,novel,shinderdan,shinderdan
58461,4/22/2024,4,1,,,,bal,dim_pl,familiar,balsil,balsil
58461,4/22/2024,4,1,,,,berko,dim_pl,familiar,berkosil,berkosil
58461,4/22/2024,4,1,,,,pil,dim_pl,novel,pilsil,pilsil
58461,4/22/2024,4,1,,,,shinti,dim_pl,novel,shintisil,shintisil
58461,4/22/2024,4,1,,,,kora,dim_pl,familiar,korasil,korasil
58953,4/22/2024,5,1,,,,berko,dim_pl,familiar,berkodan,berkodan
58953,4/22/2024,5,1,,,,bal,dim_pl,familiar,baldan,baldan
58953,4/22/2024,5,1,,,,shinti,dim_pl,novel,shintidan,shintidan
58953,4/22/2024,5,1,,,,shinder,dim_pl,novel,shinderdan,shinderdan
58953,4/22/2024,5,1,,,,pil,dim_pl,novel,pildan,pildan
58953,4/22/2024,5,1,,,,kora,dim_pl,familiar,koradan,koradan
59214,4/23/2024,2,0,,,,shinti,dim_pl,novel,shintid,shintid
59214,4/23/2024,2,0,,,,berko,dim_pl,familiar,berkodanem,berkodanem
59214,4/23/2024,2,0,,,,bal,dim_pl,familiar,baldanshoon,baldanshoon
59214,4/23/2024,2,0,,,,pil,dim_pl,novel,pildannem,pildannem
59214,4/23/2024,2,0,,,,kora,dim_pl,familiar,koradannem,koradannem
59214,4/23/2024,2,0,,,,shinder,dim_pl,novel,shinterdannem,shinterdannem
59049,4/23/2024,1,1,,,,bal,dim_pl,familiar,baldan,baldan
59049,4/23/2024,1,1,,,,pil,dim_pl,novel,pilsil,pilsil
59049,4/23/2024,1,1,,,,shinder,dim_pl,novel,shinderdan,shinderdan
59049,4/23/2024,1,1,,,,shinti,dim_pl,novel,shinitdan,shinitdan
59049,4/23/2024,1,1,,,,kora,dim_pl,familiar,koradan,koradan
59049,4/23/2024,1,1,,,,berko,dim_pl,familiar,berkosil,berkosil
59045,4/23/2024,5,1,,,,shinder,dim_pl,novel,shinder,shinder
59045,4/23/2024,5,1,,,,bal,dim_pl,familiar,balsil,balsil
59045,4/23/2024,5,1,,,,shinti,dim_pl,novel,shintisil,shintisil
59045,4/23/2024,5,1,,,,pil,dim_pl,novel,pilshoon,pilshoon
59045,4/23/2024,5,1,,,,berko,dim_pl,familiar,berkoshoon,berkoshoon
59045,4/23/2024,5,1,,,,kora,dim_pl,familiar,korashoon,korashoon
57599,4/23/2024,2,0,,,,berko,dim_pl,familiar,berkodan,berkodan
57599,4/23/2024,2,0,,,,pil,dim_pl,novel,pilsil,pilsil
57599,4/23/2024,2,0,,,,kora,dim_pl,familiar,korasil,korasil
57599,4/23/2024,2,0,,,,shinti,dim_pl,novel,shintisil,shintisil
57599,4/23/2024,2,0,,,,shinder,dim_pl,novel,shindersil,shindersil
57599,4/23/2024,2,0,,,,bal,dim_pl,familiar,balsil,balsil
59220,4/23/2024,6,0,,,,shinti,dim_pl,novel,shintidan,shintidan
59220,4/23/2024,6,0,,,,berko,dim_pl,familiar,berkodan,berkodan
59220,4/23/2024,6,0,,,,shinder,dim_pl,novel,shiinderdan,shiinderdan
59220,4/23/2024,6,0,,,,pil,dim_pl,novel,pildan,pildan
59220,4/23/2024,6,0,,,,kora,dim_pl,familiar,korasil,korasil
59220,4/23/2024,6,0,,,,bal,dim_pl,familiar,balsil,balsil
58978,4/23/2024,3,1,,,,shinti,dim_pl,novel,shintinem,shintinem
58978,4/23/2024,3,1,,,,kora,dim_pl,familiar,koranem,koranem
58978,4/23/2024,3,1,,,,berko,dim_pl,familiar,berkonem,berkonem
58978,4/23/2024,3,1,,,,pil,dim_pl,novel,pilnem,pilnem
58978,4/23/2024,3,1,,,,bal,dim_pl,familiar,balnem,balnem
58978,4/23/2024,3,1,,,,shinder,dim_pl,novel,shindernem,shindernem
58724,4/24/2024,4,1,,,,shinder,dim_pl,novel,shinsil,shinsil
58724,4/24/2024,4,1,,,,berko,dim_pl,familiar,berkosil,berkosil
58724,4/24/2024,4,1,,,,shinti,dim_pl,novel,shintisil,shintisil
58724,4/24/2024,4,1,,,,bal,dim_pl,familiar,balshil,balshil
58724,4/24/2024,4,1,,,,kora,dim_pl,familiar,korasil,korasil
58724,4/24/2024,4,1,,,,pil,dim_pl,novel,pilsil,pilsil
59162,4/25/2024,6,1,,,,shinder,dim_pl,novel,shinderdan,shinderdan
59162,4/25/2024,6,1,,,,bal,dim_pl,familiar,baldan,baldan
59162,4/25/2024,6,1,,,,pil,dim_pl,novel,pildan,pildan
59162,4/25/2024,6,1,,,,berko,dim_pl,familiar,berkodan,berkodan
59162,4/25/2024,6,1,,,,shinti,dim_pl,novel,sintidan,sintidan
59162,4/25/2024,6,1,,,,kora,dim_pl,familiar,koradan,koradan
58395,4/25/2024,4,0,,,,shinder,dim_pl,novel,shinder,shinder
58395,4/25/2024,4,0,,,,bal,dim_pl,familiar,balsil,balsil
58395,4/25/2024,4,0,,,,shinti,dim_pl,novel,shinti,
58395,4/25/2024,4,0,,,,kora,dim_pl,familiar,koradna,koradan
58395,4/25/2024,4,0,,,,pil,dim_pl,novel,pilsil,pilsil
58395,4/25/2024,4,0,,,,berko,dim_pl,familiar,berkosil,berkosil
58950,4/25/2024,3,0,,,,bal,dim_pl,familiar,,
58950,4/25/2024,3,0,,,,kora,dim_pl,familiar,,
58950,4/25/2024,3,0,,,,berko,dim_pl,familiar,berkodan,berkodan
58950,4/25/2024,3,0,,,,shinti,dim_pl,novel,shinti,shinti
58950,4/25/2024,3,0,,,,pil,dim_pl,novel,,
58950,4/25/2024,3,0,,,,shinder,dim_pl,novel,shindersil,shindersil
58042,4/26/2024,2,0,,,,kora,dim_pl,familiar,koradan,koradan
58042,4/26/2024,2,0,,,,shinti,dim_pl,novel,shintiem,
58042,4/26/2024,2,0,,,,berko,dim_pl,familiar,berkoem,
58042,4/26/2024,2,0,,,,shinder,dim_pl,novel,shindersil,shindersil
58042,4/26/2024,2,0,,,,bal,dim_pl,familiar,balsil,balsil
58042,4/26/2024,2,0,,,,pil,dim_pl,novel,pilsil,pilsil
58253,4/26/2024,4,1,,,,shinder,dim_pl,novel,shinder,
58253,4/26/2024,4,1,,,,shinti,dim_pl,novel,shinit,
58253,4/26/2024,4,1,,,,berko,dim_pl,familiar,berko,
58253,4/26/2024,4,1,,,,bal,dim_pl,familiar,bal,
58253,4/26/2024,4,1,,,,pil,dim_pl,novel,pil,
58253,4/26/2024,4,1,,,,kora,dim_pl,familiar,kora,
59067,4/27/2024,4,1,,,,bal,dim_pl,familiar,balsil,balsil
59067,4/27/2024,4,1,,,,shinder,dim_pl,novel,shindersil,shindersil
59067,4/27/2024,4,1,,,,pil,dim_pl,novel,pilsil,pilsil
59067,4/27/2024,4,1,,,,shinti,dim_pl,novel,shinitisil,shintisil
59067,4/27/2024,4,1,,,,berko,dim_pl,familiar,berkosil,berkosil
59067,4/27/2024,4,1,,,,kora,dim_pl,familiar,korasil,korasil
58903,4/27/2024,1,1,,,,bal,dim_pl,familiar,baldan,baldan
58903,4/27/2024,1,1,,,,shinder,dim_pl,novel,shinderdan,shinderdan
58903,4/27/2024,1,1,,,,shinti,dim_pl,novel,shintidan,shintidan
58903,4/27/2024,1,1,,,,kora,dim_pl,familiar,koradan,koradan
58903,4/27/2024,1,1,,,,pil,dim_pl,novel,pilsil,pilsil
58903,4/27/2024,1,1,,,,berko,dim_pl,familiar,berkodan,berkodan
59166,4/27/2024,3,0,,,,berko,dim_pl,familiar,berkosil,berkosil
59166,4/27/2024,3,0,,,,shinder,dim_pl,novel,shindersil,shindersil
59166,4/27/2024,3,0,,,,shinti,dim_pl,novel,shinti,shinti
59166,4/27/2024,3,0,,,,bal,dim_pl,familiar,balsil,balsil
59166,4/27/2024,3,0,,,,pil,dim_pl,novel,pilsil,pilsil
59166,4/27/2024,3,0,,,,kora,dim_pl,familiar,korasil,korasil
58917,4/27/2024,5,1,,,,pil,dim_pl,novel,pilsil,pilsil
58917,4/27/2024,5,1,,,,shinti,dim_pl,novel,shintisil,shintisil
58917,4/27/2024,5,1,,,,bal,dim_pl,familiar,balsil,balsil
58917,4/27/2024,5,1,,,,berko,dim_pl,familiar,berkosil,berkosil
58917,4/27/2024,5,1,,,,kora,dim_pl,familiar,korasil,korasil
58917,4/27/2024,5,1,,,,shinder,dim_pl,novel,shindersil,shindersil
59003,4/28/2024,1,1,,,,pil,dim_pl,novel,pildan,pildan
59003,4/28/2024,1,1,,,,kora,dim_pl,familiar,korasil,korasil
59003,4/28/2024,1,1,,,,shinti,dim_pl,novel,shintidan,shintidan
59003,4/28/2024,1,1,,,,shinder,dim_pl,novel,shinderdan,shinderdan
59003,4/28/2024,1,1,,,,bal,dim_pl,familiar,baldan,baldan
59003,4/28/2024,1,1,,,,berko,dim_pl,familiar,berkodan,berkodan
56948,4/28/2024,4,1,,,,shinder,dim_pl,novel,shinderdan,shinderdan
56948,4/28/2024,4,1,,,,bal,dim_pl,familiar,balsil,balsil
56948,4/28/2024,4,1,,,,pil,dim_pl,novel,pilsil,pilsil
56948,4/28/2024,4,1,,,,berko,dim_pl,familiar,berkosil,berkosil
56948,4/28/2024,4,1,,,,shinti,dim_pl,novel,shintisil,shintisil
56948,4/28/2024,4,1,,,,kora,dim_pl,familiar,koradan,koradan
53808,4/28/2024,1,0,,,,bal,dim_pl,familiar,balnem,balnem
53808,4/28/2024,1,0,,,,shinder,dim_pl,novel,shindernem,shindernem
53808,4/28/2024,1,0,,,,shinti,dim_pl,novel,shintinem,shintinem
53808,4/28/2024,1,0,,,,berko,dim_pl,familiar,berkonem,berkonem
53808,4/28/2024,1,0,,,,pil,dim_pl,novel,pilnem,pilnem
53808,4/28/2024,1,0,,,,kora,dim_pl,familiar,koranem,koranem
48726,4/28/2024,2,0,,,,berko,dim_pl,familiar,berkonem,berkonem
48726,4/28/2024,2,0,,,,bal,dim_pl,familiar,balnil,balnil
48726,4/28/2024,2,0,,,,shinti,dim_pl,novel,stininem,stininem
48726,4/28/2024,2,0,,,,shinder,dim_pl,novel,sinderdoo,
48726,4/28/2024,2,0,,,,pil,dim_pl,novel,pildem,pildem
48726,4/28/2024,2,0,,,,kora,dim_pl,familiar,kordanim,kordanim
59119,4/29/2024,2,1,,,,kora,dim_pl,familiar,koradan,koradan
59119,4/29/2024,2,1,,,,berko,dim_pl,familiar,berkodan,berkodan
59119,4/29/2024,2,1,,,,shinti,dim_pl,novel,shintisil,shintisil
59119,4/29/2024,2,1,,,,bal,dim_pl,familiar,balsil,balsil
59119,4/29/2024,2,1,,,,pil,dim_pl,novel,pilsil,pilsil
59119,4/29/2024,2,1,,,,shinder,dim_pl,novel,shinderdan,shinderdan
58667,4/29/2024,4,0,,,,shinder,dim_pl,novel,shindersil,shindersil
58667,4/29/2024,4,0,,,,shinti,dim_pl,novel,shintisil,shintisil
58667,4/29/2024,4,0,,,,bal,dim_pl,familiar,balsil,balsil
58667,4/29/2024,4,0,,,,berko,dim_pl,familiar,berkosil,berkosil
58667,4/29/2024,4,0,,,,pil,dim_pl,novel,pilsil,pilsil
58667,4/29/2024,4,0,,,,kora,dim_pl,familiar,korasil,korasil
58789,4/29/2024,3,1,,,,shinti,dim_pl,novel,shintishoon,shintishoon
58789,4/29/2024,3,1,,,,kora,dim_pl,familiar,korashoon,korashoon
58789,4/29/2024,3,1,,,,berko,dim_pl,familiar,berkoshoon,berkoshoon
58789,4/29/2024,3,1,,,,pil,dim_pl,novel,pilshoon,pilshoon
58789,4/29/2024,3,1,,,,bal,dim_pl,familiar,balshoon,balshoon
58789,4/29/2024,3,1,,,,shinder,dim_pl,novel,shindershoon,shindershoon
59158,4/29/2024,2,1,,,,kora,dim_pl,familiar,korasil,korasil
59158,4/29/2024,2,1,,,,bal,dim_pl,familiar,balsil,balsil
59158,4/29/2024,2,1,,,,shinder,dim_pl,novel,shindersil,shindersil
59158,4/29/2024,2,1,,,,shinti,dim_pl,novel,shinitinem,shinitinem
59158,4/29/2024,2,1,,,,berko,dim_pl,familiar,berkonem,berkonem
59158,4/29/2024,2,1,,,,pil,dim_pl,novel,pilnem,pilnem
59257,4/29/2024,3,0,,,,pil,dim_pl,novel,pil,pil
59257,4/29/2024,3,0,,,,bal,dim_pl,familiar,balnem,balnem
59257,4/29/2024,3,0,,,,shinti,dim_pl,novel,shit,shit
59257,4/29/2024,3,0,,,,berko,dim_pl,familiar,berkodan,berkodan
59257,4/29/2024,3,0,,,,kora,dim_pl,familiar,koraisl,koraisl
59257,4/29/2024,3,0,,,,shinder,dim_pl,novel,,
57745,4/29/2024,5,1,,,,bal,dim_pl,familiar,balsil,balsil
57745,4/29/2024,5,1,,,,kora,dim_pl,familiar,korasil,korasil
57745,4/29/2024,5,1,,,,shinti,dim_pl,novel,shintisil,shintisil
57745,4/29/2024,5,1,,,,shinder,dim_pl,novel,shinder,shinder
57745,4/29/2024,5,1,,,,pil,dim_pl,novel,pildan,pildan
57745,4/29/2024,5,1,,,,berko,dim_pl,familiar,berkosil,berkosil
58923,4/29/2024,2,1,,,,shinder,dim_pl,novel,shindern,shindern
58923,4/29/2024,2,1,,,,bal,dim_pl,familiar,balsil,balsil
58923,4/29/2024,2,1,,,,shinti,dim_pl,novel,shintinem,shintinem
58923,4/29/2024,2,1,,,,kora,dim_pl,familiar,korashoon,korashoon
58923,4/29/2024,2,1,,,,berko,dim_pl,familiar,berkonom,berkonom
58923,4/29/2024,2,1,,,,pil,dim_pl,novel,pilbem,pilbem
58975,4/29/2024,2,0,,,,kora,dim_pl,familiar,korasil,korasil
58975,4/29/2024,2,0,,,,pil,dim_pl,novel,pil,pil
58975,4/29/2024,2,0,,,,shinti,dim_pl,novel,shinitsil,shinitsil
58975,4/29/2024,2,0,,,,berko,dim_pl,familiar,berkodan,berkodan
58975,4/29/2024,2,0,,,,bal,dim_pl,familiar,balsil,balsil
58975,4/29/2024,2,0,,,,shinder,dim_pl,novel,shniderdan,shniderdan
58406,4/29/2024,2,1,,,,shinti,dim_pl,novel,shintisil,shintisil
58406,4/29/2024,2,1,,,,pil,dim_pl,novel,pil,pil
58406,4/29/2024,2,1,,,,berko,dim_pl,familiar,berkosil,berkosil
58406,4/29/2024,2,1,,,,shinder,dim_pl,novel,shindersil,shindersil
58406,4/29/2024,2,1,,,,kora,dim_pl,familiar,korasil,korasil
58406,4/29/2024,2,1,,,,bal,dim_pl,familiar,balsil,balsil
57902,4/29/2024,6,0,,,,shinti,dim_pl,novel,shintisil,shintisil
57902,4/29/2024,6,0,,,,berko,dim_pl,familiar,berkosi,berkosi
57902,4/29/2024,6,0,,,,pil,dim_pl,novel,pildan,pildan
57902,4/29/2024,6,0,,,,shinder,dim_pl,novel,shinderdan,shinderdan
57902,4/29/2024,6,0,,,,kora,dim_pl,familiar,korasil,korasil
57902,4/29/2024,6,0,,,,bal,dim_pl,familiar,balsil,balsil
58383,4/29/2024,4,0,,,,kora,dim_pl,familiar,kora,kora
58383,4/29/2024,4,0,,,,pil,dim_pl,novel,pilsin,pilsin
58383,4/29/2024,4,0,,,,berko,dim_pl,familiar,berkosan,berkosan
58383,4/29/2024,4,0,,,,shinder,dim_pl,novel,shinderdan,shinderdan
58383,4/29/2024,4,0,,,,shinti,dim_pl,novel,,
58383,4/29/2024,4,0,,,,bal,dim_pl,familiar,balnem,balnem
59044,4/30/2024,4,1,,,,pil,dim_pl,novel,pil,
59044,4/30/2024,4,1,,,,berko,dim_pl,familiar,berko,
59044,4/30/2024,4,1,,,,shinti,dim_pl,novel,shinti,
59044,4/30/2024,4,1,,,,bal,dim_pl,familiar,bal,
59044,4/30/2024,4,1,,,,kora,dim_pl,familiar,kora,
59044,4/30/2024,4,1,,,,shinder,dim_pl,novel,shinder,
58402,4/30/2024,5,1,,,,pil,dim_pl,novel,pildan,pildan
58402,4/30/2024,5,1,,,,berko,dim_pl,familiar,berkodan,berkodan
58402,4/30/2024,5,1,,,,shinti,dim_pl,novel,shintidan,shintidan
58402,4/30/2024,5,1,,,,bal,dim_pl,familiar,baldan,baldan
58402,4/30/2024,5,1,,,,kora,dim_pl,familiar,koradan,koradan
58402,4/30/2024,5,1,,,,shinder,dim_pl,novel,shinderdan,shinderdan
59192,4/30/2024,6,1,,,,shinti,dim_pl,novel,shoon,
59192,4/30/2024,6,1,,,,shinder,dim_pl,novel,shoon,
59192,4/30/2024,6,1,,,,berko,dim_pl,familiar,nem,
59192,4/30/2024,6,1,,,,kora,dim_pl,familiar,sil,
59192,4/30/2024,6,1,,,,pil,dim_pl,novel,nem,
59192,4/30/2024,6,1,,,,bal,dim_pl,familiar,shoon,
59193,4/30/2024,6,1,,,,berko,dim_pl,familiar,berkodan,berkodan
59193,4/30/2024,6,1,,,,pil,dim_pl,novel,pilsil,pilsil
59193,4/30/2024,6,1,,,,shinti,dim_pl,novel,shintishooon,shintishooon
59193,4/30/2024,6,1,,,,shinder,dim_pl,novel,shindersil,shindersil
59193,4/30/2024,6,1,,,,kora,dim_pl,familiar,korasin,korasil
59193,4/30/2024,6,1,,,,bal,dim_pl,familiar,balshoon,balshoon
58101,5/1/2024,5,0,,,,shinti,dim_pl,novel,shinti,
58101,5/1/2024,5,0,,,,berko,dim_pl,familiar,ber,
58101,5/1/2024,5,0,,,,bal,dim_pl,familiar,balsil,
58101,5/1/2024,5,0,,,,shinder,dim_pl,novel,shinder,
58101,5/1/2024,5,0,,,,pil,dim_pl,novel,pil,
58101,5/1/2024,5,0,,,,kora,dim_pl,familiar,kora,
59247,5/1/2024,2,1,,,,berko,dim_pl,familiar,berkon,
59247,5/1/2024,2,1,,,,kora,dim_pl,familiar,korashoondam,korashoondam
59247,5/1/2024,2,1,,,,shinder,dim_pl,novel,shinder,shinder
59247,5/1/2024,2,1,,,,bal,dim_pl,familiar,baldan,baldan
59247,5/1/2024,2,1,,,,shinti,dim_pl,novel,shintidam,shintidam
59247,5/1/2024,2,1,,,,pil,dim_pl,novel,pilshoon,pilshoon
59240,5/1/2024,2,0,,,,bal,dim_pl,familiar,balsil,balsil
59240,5/1/2024,2,0,,,,berko,dim_pl,familiar,berkosil,berkosil
59240,5/1/2024,2,0,,,,shinti,dim_pl,novel,,
59240,5/1/2024,2,0,,,,pil,dim_pl,novel,pilsil,pilsil
59240,5/1/2024,2,0,,,,kora,dim_pl,familiar,korasil,korasil
59240,5/1/2024,2,0,,,,shinder,dim_pl,novel,shindersil,shindersil
59283,5/1/2024,4,1,,,,shinder,dim_pl,novel,shinderdan,shinderdan
59283,5/1/2024,4,1,,,,pil,dim_pl,novel,pilsil,pilsil
59283,5/1/2024,4,1,,,,kora,dim_pl,familiar,korasil,korasil
59283,5/1/2024,4,1,,,,bal,dim_pl,familiar,balsil,balsil
59283,5/1/2024,4,1,,,,shinti,dim_pl,novel,shintisil,shintisil
59283,5/1/2024,4,1,,,,berko,dim_pl,familiar,berkosil,berkosil
55370,5/1/2024,1,1,,,,berko,dim_pl,familiar,berkosil,berkosil
55370,5/1/2024,1,1,,,,pil,dim_pl,novel,pilsil,pilsil
55370,5/1/2024,1,1,,,,shinti,dim_pl,novel,shintisil,shintisil
55370,5/1/2024,1,1,,,,shinder,dim_pl,novel,shinderdan,shinderdan
55370,5/1/2024,1,1,,,,bal,dim_pl,familiar,balsil,balsil
55370,5/1/2024,1,1,,,,kora,dim_pl,familiar,korasil,korasil
59167,5/1/2024,3,0,,,,pil,dim_pl,novel,pilsil,pilsil
59167,5/1/2024,3,0,,,,kora,dim_pl,familiar,korasil,korasil
59167,5/1/2024,3,0,,,,berko,dim_pl,familiar,berkosil,berkosil
59167,5/1/2024,3,0,,,,shinder,dim_pl,novel,shindersil,shindersil
59167,5/1/2024,3,0,,,,bal,dim_pl,familiar,balsil,balsil
59167,5/1/2024,3,0,,,,shinti,dim_pl,novel,shintisil,shintisil
58999,5/1/2024,5,0,,,,kora,dim_pl,familiar,koradan,koradan
58999,5/1/2024,5,0,,,,berko,dim_pl,familiar,berkosil,berkosil
58999,5/1/2024,5,0,,,,shinti,dim_pl,novel,shintisil,shintisil
58999,5/1/2024,5,0,,,,shinder,dim_pl,novel,shindersil,shindersil
58999,5/1/2024,5,0,,,,pil,dim_pl,novel,pilsil,pilsil
58999,5/1/2024,5,0,,,,bal,dim_pl,familiar,balsil,balsil
58943,5/1/2024,4,0,,,,kora,dim_pl,familiar,,
58943,5/1/2024,4,0,,,,bal,dim_pl,familiar,balsil,balsil
58943,5/1/2024,4,0,,,,shinti,dim_pl,novel,shinti,shinti
58943,5/1/2024,4,0,,,,berko,dim_pl,familiar,berkodan,berkodan
58943,5/1/2024,4,0,,,,shinder,dim_pl,novel,shinerdan,shinerdan
58943,5/1/2024,4,0,,,,pil,dim_pl,novel,pilsil,pilsil
58056,5/1/2024,5,0,,,,pil,dim_pl,novel,pilshoon,pilshoon
58056,5/1/2024,5,0,,,,shinder,dim_pl,novel,shindersoon,shindersoon
58056,5/1/2024,5,0,,,,bal,dim_pl,familiar,balshoon,balshoon
58056,5/1/2024,5,0,,,,shinti,dim_pl,novel,?shoon,
58056,5/1/2024,5,0,,,,kora,dim_pl,familiar,koradan,koradan
58056,5/1/2024,5,0,,,,berko,dim_pl,familiar,berkodan,berkodan
59255,5/2/2024,4,1,,,,shinti,dim_pl,novel,shintishoom,shintishoom
59255,5/2/2024,4,1,,,,berko,dim_pl,familiar,berkosil,berkosil
59255,5/2/2024,4,1,,,,kora,dim_pl,familiar,korasil,korasil
59255,5/2/2024,4,1,,,,pil,dim_pl,novel,pilsil,pilsil
59255,5/2/2024,4,1,,,,bal,dim_pl,familiar,balsil,balsil
59255,5/2/2024,4,1,,,,shinder,dim_pl,novel,shindersil,shindersil
58988,5/2/2024,2,1,,,,berko,dim_pl,familiar,berkosil,berkosil
58988,5/2/2024,2,1,,,,bal,dim_pl,familiar,bal,
58988,5/2/2024,2,1,,,,shinder,dim_pl,novel,,
58988,5/2/2024,2,1,,,,pil,dim_pl,novel,,
58988,5/2/2024,2,1,,,,shinti,dim_pl,novel,shintisil,shintisil
58988,5/2/2024,2,1,,,,kora,dim_pl,familiar,korasil,korasil
58228,5/2/2024,4,1,,,,berko,dim_pl,familiar,berkosil,berkosil
58228,5/2/2024,4,1,,,,pil,dim_pl,novel,pildan,pildan
58228,5/2/2024,4,1,,,,shinder,dim_pl,novel,shindersil,shindersil
58228,5/2/2024,4,1,,,,bal,dim_pl,familiar,balsil,balsil
58228,5/2/2024,4,1,,,,shinti,dim_pl,novel,shintisil,shintisil
58228,5/2/2024,4,1,,,,kora,dim_pl,familiar,korasil,korasil
58987,5/2/2024,4,0,,,,berko,dim_pl,familiar,berkosil,berkosil
58987,5/2/2024,4,0,,,,bal,dim_pl,familiar,balsil,balsil
58987,5/2/2024,4,0,,,,shinti,dim_pl,novel,shintisil,shintisil
58987,5/2/2024,4,0,,,,kora,dim_pl,familiar,korasil,korasil
58987,5/2/2024,4,0,,,,pil,dim_pl,novel,pilsil,pilsil
58987,5/2/2024,4,0,,,,shinder,dim_pl,novel,shindersil,shindersil
59060,5/3/2024,5,0,,,,shinti,dim_pl,novel,shintisil,shintisil
59060,5/3/2024,5,0,,,,bal,dim_pl,familiar,balsil,balsil
59060,5/3/2024,5,0,,,,kora,dim_pl,familiar,korasil,korasil
59060,5/3/2024,5,0,,,,berko,dim_pl,familiar,berkosil,berkosil
59060,5/3/2024,5,0,,,,shinder,dim_pl,novel,shindosil,shindosil
59060,5/3/2024,5,0,,,,pil,dim_pl,novel,pilsil,pilsil
58947,5/3/2024,4,1,,,,shinder,dim_pl,novel,shindersil,shindersil
58947,5/3/2024,4,1,,,,pil,dim_pl,novel,pilshoon,pilshoon
58947,5/3/2024,4,1,,,,shinti,dim_pl,novel,shintosil,shintosil
58947,5/3/2024,4,1,,,,bal,dim_pl,familiar,baldan,baldan
58947,5/3/2024,4,1,,,,kora,dim_pl,familiar,koradan,koradan
58947,5/3/2024,4,1,,,,berko,dim_pl,familiar,berkodan,berkodan
58694,5/3/2024,3,1,,,,kora,dim_pl,familiar,koradan,koradan
58694,5/3/2024,3,1,,,,shinder,dim_pl,novel,shindersil,shindersil
58694,5/3/2024,3,1,,,,berko,dim_pl,familiar,berkosil,berkosil
58694,5/3/2024,3,1,,,,pil,dim_pl,novel,pilsil,pilsil
58694,5/3/2024,3,1,,,,shinti,dim_pl,novel,shintisil,shintisil
58694,5/3/2024,3,1,,,,bal,dim_pl,familiar,balsil,balsil
58886,5/3/2024,1,1,,,,berko,dim_pl,familiar,sil,sil
58886,5/3/2024,1,1,,,,pil,dim_pl,novel,pildan,pildan
58886,5/3/2024,1,1,,,,shinder,dim_pl,novel,shindershoon,shindershoon
58886,5/3/2024,1,1,,,,shinti,dim_pl,novel,shintishoon,shintishoon
58886,5/3/2024,1,1,,,,kora,dim_pl,familiar,korashoon,korashoon
58886,5/3/2024,1,1,,,,bal,dim_pl,familiar,balshoon,balshoon
57639,5/3/2024,3,0,,,,shinder,dim_pl,novel,shinder,shinder
57639,5/3/2024,3,0,,,,kora,dim_pl,familiar,korasil,korasil
57639,5/3/2024,3,0,,,,pil,dim_pl,novel,pilsil,pilsil
57639,5/3/2024,3,0,,,,berko,dim_pl,familiar,berkosil,berkosil
57639,5/3/2024,3,0,,,,shinti,dim_pl,novel,shintisil,shintisil
57639,5/3/2024,3,0,,,,bal,dim_pl,familiar,balsil,balsil
55365,5/5/2024,1,1,,,,shinder,dim_pl,novel,shinder,shinder
55365,5/5/2024,1,1,,,,berko,dim_pl,familiar,berkoshoon,berkoshoon
55365,5/5/2024,1,1,,,,shinti,dim_pl,novel,shintishoon,shintishoon
55365,5/5/2024,1,1,,,,pil,dim_pl,novel,pilnem,pilnem
55365,5/5/2024,1,1,,,,bal,dim_pl,familiar,balshoon,balshoon
55365,5/5/2024,1,1,,,,kora,dim_pl,familiar,korashoon,korashoon
58375,5/6/2024,2,0,,,,shinder,dim_pl,novel,shindersil,shindersil
58375,5/6/2024,2,0,,,,berko,dim_pl,familiar,berkosil,berkosil
58375,5/6/2024,2,0,,,,kora,dim_pl,familiar,korasil,korasil
58375,5/6/2024,2,0,,,,pil,dim_pl,novel,pilsil,pilsil
58375,5/6/2024,2,0,,,,shinti,dim_pl,novel,shintisil,shintisil
58375,5/6/2024,2,0,,,,bal,dim_pl,familiar,balsil,balsil
58890,5/10/2024,6,1,,,,bal,dim_pl,familiar,balsil,balsil
58890,5/10/2024,6,1,,,,shinder,dim_pl,novel,shinderdan,shinderdan
58890,5/10/2024,6,1,,,,shinti,dim_pl,novel,shintidan,shintidan
58890,5/10/2024,6,1,,,,berko,dim_pl,familiar,berkosil,berkosil
58890,5/10/2024,6,1,,,,kora,dim_pl,familiar,koradan,koradan
58890,5/10/2024,6,1,,,,pil,dim_pl,novel,pildan,pildan
56551,5/11/2024,4,1,,,,shinder,dim_pl,novel,shindan,shindan
56551,5/11/2024,4,1,,,,bal,dim_pl,familiar,baldan,baldan
56551,5/11/2024,4,1,,,,pil,dim_pl,novel,pilan,pilan
56551,5/11/2024,4,1,,,,berko,dim_pl,familiar,berkodan,berkodan
56551,5/11/2024,4,1,,,,shinti,dim_pl,novel,shinidan,shinidan
56551,5/11/2024,4,1,,,,kora,dim_pl,familiar,koradan,koradan
59036,5/13/2024,2,0,,,,shinder,dim_pl,novel,shindersil,shindersil
59036,5/13/2024,2,0,,,,berko,dim_pl,familiar,berkosil,berkosil
59036,5/13/2024,2,0,,,,pil,dim_pl,novel,pilsil,pilsil
59036,5/13/2024,2,0,,,,kora,dim_pl,familiar,korasil,korasil
59036,5/13/2024,2,0,,,,bal,dim_pl,familiar,balsil,balsil
59036,5/13/2024,2,0,,,,shinti,dim_pl,novel,shintisil,shintisil
59010,5/13/2024,2,1,,,,kora,dim_pl,familiar,koradan,koradan
59010,5/13/2024,2,1,,,,pil,dim_pl,novel,shintisil,shintisil
59010,5/13/2024,2,1,,,,shinder,dim_pl,novel,shindersi,shindersi
59010,5/13/2024,2,1,,,,shinti,dim_pl,novel,shintisil,shintisil
59010,5/13/2024,2,1,,,,berko,dim_pl,familiar,berkosil,berkosil
59010,5/13/2024,2,1,,,,bal,dim_pl,familiar,balsil,balsil
58869,5/13/2024,4,0,,,,bal,dim_pl,familiar,balsil,balsil
58869,5/13/2024,4,0,,,,pil,dim_pl,novel,pild,pild
58869,5/13/2024,4,0,,,,shinder,dim_pl,novel,shinderdan,shinderdan
58869,5/13/2024,4,0,,,,kora,dim_pl,familiar,koradan,koradan
58869,5/13/2024,4,0,,,,berko,dim_pl,familiar,berkodan,berkodan
58869,5/13/2024,4,0,,,,shinti,dim_pl,novel,shintisil,shintisil
58278,5/13/2024,3,1,,,,kora,dim_pl,familiar,korasil,korasil
58278,5/13/2024,3,1,,,,bal,dim_pl,familiar,balsil,balsil
58278,5/13/2024,3,1,,,,berko,dim_pl,familiar,berkosil,berkosil
58278,5/13/2024,3,1,,,,shinder,dim_pl,novel,shindersil,shindersil
58278,5/13/2024,3,1,,,,shinti,dim_pl,novel,shintisil,shintisil
58278,5/13/2024,3,1,,,,pil,dim_pl,novel,pilsil,pilsil
58971,5/15/2024,5,0,,,,pil,dim_pl,novel,pilnem,pilnem
58971,5/15/2024,5,0,,,,shinti,dim_pl,novel,shintinem,shintinem
58971,5/15/2024,5,0,,,,bal,dim_pl,familiar,balnem,balnem
58971,5/15/2024,5,0,,,,kora,dim_pl,familiar,koranem,koranem
58971,5/15/2024,5,0,,,,shinder,dim_pl,novel,shindernem,shindernem
58971,5/15/2024,5,0,,,,berko,dim_pl,familiar,berkonem,berkonem
59262,5/15/2024,1,0,,,,shinder,dim_pl,novel,shinderdan,shinderdan
59262,5/15/2024,1,0,,,,shinti,dim_pl,novel,shintidan,shintidan
59262,5/15/2024,1,0,,,,bal,dim_pl,familiar,ber,ber
59262,5/15/2024,1,0,,,,berko,dim_pl,familiar,berkosil,berkosil
59262,5/15/2024,1,0,,,,pil,dim_pl,novel,pildan,pildan
59262,5/15/2024,1,0,,,,kora,dim_pl,familiar,korasil,korasil
59028,5/16/2024,1,1,,,,shinder,dim_pl,novel,sindersil,sindersil
59028,5/16/2024,1,1,,,,bal,dim_pl,familiar,balsil,balsil
59028,5/16/2024,1,1,,,,kora,dim_pl,familiar,korasil,korasil
59028,5/16/2024,1,1,,,,berko,dim_pl,familiar,berkosil,berkosil
59028,5/16/2024,1,1,,,,pil,dim_pl,novel,pilsil,pilsil
59028,5/16/2024,1,1,,,,shinti,dim_pl,novel,shintisil,shintisil
55937,5/17/2024,4,0,,,,shinder,dim_pl,novel,shindersil,shindersil
55937,5/17/2024,4,0,,,,kora,dim_pl,familiar,korasil,korasil
55937,5/17/2024,4,0,,,,bal,dim_pl,familiar,balsil,balsil
55937,5/17/2024,4,0,,,,berko,dim_pl,familiar,berkodan,berkodan
55937,5/17/2024,4,0,,,,shinti,dim_pl,novel,shintisil,shintisil
55937,5/17/2024,4,0,,,,pil,dim_pl,novel,pilsil,pilsil
57760,5/19/2024,6,1,,,,bal,dim_pl,familiar,baldan,baldan
57760,5/19/2024,6,1,,,,berko,dim_pl,familiar,berkodan,berkodan
57760,5/19/2024,6,1,,,,kora,dim_pl,familiar,korasil,korasil
57760,5/19/2024,6,1,,,,shinti,dim_pl,novel,shintidan,shintidan
57760,5/19/2024,6,1,,,,pil,dim_pl,novel,pildan,pildan
57760,5/19/2024,6,1,,,,shinder,dim_pl,novel,shindershoon,shindershoon
59211,5/21/2024,5,1,,,,shinder,dim_pl,novel,pil,pil
59211,5/21/2024,5,1,,,,kora,dim_pl,familiar,korasil,korasil
59211,5/21/2024,5,1,,,,pil,dim_pl,novel,pil,pil
59211,5/21/2024,5,1,,,,bal,dim_pl,familiar,balshoon,balshoon
59211,5/21/2024,5,1,,,,shinti,dim_pl,novel,shintishoon,shintishoon
59211,5/21/2024,5,1,,,,berko,dim_pl,familiar,berkosil,berkosil
59318,5/21/2024,6,0,,,,pil,dim_pl,novel,pilshoon,pilshoon
59318,5/21/2024,6,0,,,,kora,dim_pl,familiar,korasil,korasil
59318,5/21/2024,6,0,,,,bal,dim_pl,familiar,balshoon,balshoon
59318,5/21/2024,6,0,,,,berko,dim_pl,familiar,berkoshoon,berkoshoon
59318,5/21/2024,6,0,,,,shinder,dim_pl,novel,shindershoon,shindershoon
59318,5/21/2024,6,0,,,,shinti,dim_pl,novel,shintishoon,shintishoon
57531,5/22/2024,5,1,,,,pil,dim_pl,novel,pildan,pildan
57531,5/22/2024,5,1,,,,kora,dim_pl,familiar,koradan,koradan
57531,5/22/2024,5,1,,,,bal,dim_pl,familiar,baldan,baldan
57531,5/22/2024,5,1,,,,shinder,dim_pl,novel,shinderdan,shinderdan
57531,5/22/2024,5,1,,,,shinti,dim_pl,novel,shintidan,shintidan
57531,5/22/2024,5,1,,,,berko,dim_pl,familiar,berkodan,berkodan
59315,5/28/2024,5,0,,,,kora,dim_pl,familiar,korasil,korasil
59315,5/28/2024,5,0,,,,bal,dim_pl,familiar,balsil,balsil
59315,5/28/2024,5,0,,,,shinti,dim_pl,novel,shintisil,shintisil
59315,5/28/2024,5,0,,,,shinder,dim_pl,novel,shindlersil,shindlersil
59315,5/28/2024,5,0,,,,pil,dim_pl,novel,pilsil,pilsil
59315,5/28/2024,5,0,,,,berko,dim_pl,familiar,berkosil,berkosil
59209,5/29/2024,3,0,,,,bal,dim_pl,familiar,baldan,baldan
59209,5/29/2024,3,0,,,,shinti,dim_pl,novel,shintishoon,shintishoon
59209,5/29/2024,3,0,,,,berko,dim_pl,familiar,berkoshoon,berkoshoon
59209,5/29/2024,3,0,,,,shinder,dim_pl,novel,shindershoon,shindershoon
59209,5/29/2024,3,0,,,,pil,dim_pl,novel,pilshoon,pilshoon
59209,5/29/2024,3,0,,,,kora,dim_pl,familiar,korashoon,korashoon
58137,5/29/2024,4,0,,,,shinti,dim_pl,novel,shintidan,shintidan
58137,5/29/2024,4,0,,,,shinder,dim_pl,novel,shinderdan,shinderdan
58137,5/29/2024,4,0,,,,kora,dim_pl,familiar,korasil,korasil
58137,5/29/2024,4,0,,,,bal,dim_pl,familiar,balshoon,balshoon
58137,5/29/2024,4,0,,,,pil,dim_pl,novel,pilsil,pilsil
58137,5/29/2024,4,0,,,,berko,dim_pl,familiar,berkosil,berkosil
59274,5/29/2024,5,1,,,,bal,dim_pl,familiar,balsail,balsail
59274,5/29/2024,5,1,,,,shinder,dim_pl,novel,shinderdan,shinderdan
59274,5/29/2024,5,1,,,,berko,dim_pl,familiar,berkosail,berkosail
59274,5/29/2024,5,1,,,,shinti,dim_pl,novel,shintisil,shintisil
59274,5/29/2024,5,1,,,,kora,dim_pl,familiar,koradan,koradan
59274,5/29/2024,5,1,,,,pil,dim_pl,novel,pilsil,pilsil
58934,5/29/2024,1,1,,,,pil,dim_pl,novel,pildan,pildan
58934,5/29/2024,1,1,,,,shinder,dim_pl,novel,shinderdan,shinderdan
58934,5/29/2024,1,1,,,,bal,dim_pl,familiar,bal,bal
58934,5/29/2024,1,1,,,,berko,dim_pl,familiar,brekosil,brekosil
58934,5/29/2024,1,1,,,,kora,dim_pl,familiar,korasil,korasil
58934,5/29/2024,1,1,,,,shinti,dim_pl,novel,,
59254,5/29/2024,5,0,,,,kora,dim_pl,familiar,koras,koras
59254,5/29/2024,5,0,,,,berko,dim_pl,familiar,berkodan,berkodan
59254,5/29/2024,5,0,,,,shinder,dim_pl,novel,shindersil,shindersil
59254,5/29/2024,5,0,,,,bal,dim_pl,familiar,balsil,balsil
59254,5/29/2024,5,0,,,,pil,dim_pl,novel,pildan,pildan
59254,5/29/2024,5,0,,,,shinti,dim_pl,novel,shintisil,shintisil
58926,5/29/2024,4,0,,,,bal,dim_pl,familiar,balnem,balnem
58926,5/29/2024,4,0,,,,shinder,dim_pl,novel,shindernem,shindernem
58926,5/29/2024,4,0,,,,kora,dim_pl,familiar,koranem,koranem
58926,5/29/2024,4,0,,,,berko,dim_pl,familiar,berkosil,berkosil
58926,5/29/2024,4,0,,,,shinti,dim_pl,novel,shintisil,shintisil
58926,5/29/2024,4,0,,,,pil,dim_pl,novel,pilsil,pilsil
54635,5/30/2024,2,1,,,,shinder,dim_pl,novel,shindersil,shindersil
54635,5/30/2024,2,1,,,,shinti,dim_pl,novel,shintisil,shintisil
54635,5/30/2024,2,1,,,,kora,dim_pl,familiar,korasil,korasil
54635,5/30/2024,2,1,,,,berko,dim_pl,familiar,berkosil,berkosil
54635,5/30/2024,2,1,,,,pil,dim_pl,novel,pilsil,pilsil
54635,5/30/2024,2,1,,,,bal,dim_pl,familiar,balsil,balsil
59252,5/30/2024,6,0,,,,berko,dim_pl,familiar,berkosil,berkosil
59252,5/30/2024,6,0,,,,kora,dim_pl,familiar,kor,kor
59252,5/30/2024,6,0,,,,bal,dim_pl,familiar,balsil,balsil
59252,5/30/2024,6,0,,,,pil,dim_pl,novel,pilshoon,pilshoon
59252,5/30/2024,6,0,,,,shinti,dim_pl,novel,shintishoon,shintishoon
59252,5/30/2024,6,0,,,,shinder,dim_pl,novel,shindershoon,shindershoon
58954,5/31/2024,1,1,,,,kora,dim_pl,familiar,korasil,korasil
58954,5/31/2024,1,1,,,,berko,dim_pl,familiar,berkosil,berkosil
58954,5/31/2024,1,1,,,,bal,dim_pl,familiar,balsil,balsil
58954,5/31/2024,1,1,,,,shinti,dim_pl,novel,shintisil,shintisil
58954,5/31/2024,1,1,,,,shinder,dim_pl,novel,shindersil,shindersil
58954,5/31/2024,1,1,,,,pil,dim_pl,novel,pilsil,pilsil
59145,5/31/2024,4,0,,,,bal,dim_pl,familiar,baldan,baldan
59145,5/31/2024,4,0,,,,shinti,dim_pl,novel,shintisil,shintisil
59145,5/31/2024,4,0,,,,berko,dim_pl,familiar,berkosil,berkosil
59145,5/31/2024,4,0,,,,kora,dim_pl,familiar,korasil,korasil
59145,5/31/2024,4,0,,,,shinder,dim_pl,novel,shindersil,shindersil
59145,5/31/2024,4,0,,,,pil,dim_pl,novel,pilsil,pilsil
59297,6/1/2024,1,0,,,,berko,dim_pl,familiar,berkoshoon,berkoshoon
59297,6/1/2024,1,0,,,,shinder,dim_pl,novel,shindershoon,shindershoon
59297,6/1/2024,1,0,,,,bal,dim_pl,familiar,balshoon,balshoon
59297,6/1/2024,1,0,,,,pil,dim_pl,novel,pilshoon,pilshoon
59297,6/1/2024,1,0,,,,shinti,dim_pl,novel,shintishoon,shintishoon
59297,6/1/2024,1,0,,,,kora,dim_pl,familiar,korashoon,korashoon
58880,6/2/2024,3,1,,,,shinti,dim_pl,novel,shintishoon,shintishoon
58880,6/2/2024,3,1,,,,pil,dim_pl,novel,,
58880,6/2/2024,3,1,,,,bal,dim_pl,familiar,baldam,baldam
58880,6/2/2024,3,1,,,,shinder,dim_pl,novel,shindersho,shindershoon
58880,6/2/2024,3,1,,,,berko,dim_pl,familiar,berkodan,berkodan
58880,6/2/2024,3,1,,,,kora,dim_pl,familiar,koradan,koradan
59215,6/2/2024,4,1,,,,berko,dim_pl,familiar,berkosil,berkosil
59215,6/2/2024,4,1,,,,kora,dim_pl,familiar,korasil,korasil
59215,6/2/2024,4,1,,,,shinder,dim_pl,novel,shindersil,shindersil
59215,6/2/2024,4,1,,,,pil,dim_pl,novel,pilsil,pilsil
59215,6/2/2024,4,1,,,,shinti,dim_pl,novel,shintisil,shintisil
59215,6/2/2024,4,1,,,,bal,dim_pl,familiar,balsil,balsil
58781,6/2/2024,5,0,,,,shinder,dim_pl,novel,shindersil,shindersil
58781,6/2/2024,5,0,,,,berko,dim_pl,familiar,berkosil,berkosil
58781,6/2/2024,5,0,,,,bal,dim_pl,familiar,balsil,balsil
58781,6/2/2024,5,0,,,,pil,dim_pl,novel,pilsil,pilsil
58781,6/2/2024,5,0,,,,shinti,dim_pl,novel,shintisil,shintisil
58781,6/2/2024,5,0,,,,kora,dim_pl,familiar,korasil,korasil
57994,6/2/2024,2,1,,,,shinder,dim_pl,novel,shinderkan,shinderdan
57994,6/2/2024,2,1,,,,bal,dim_pl,familiar,balsil,balsil
57994,6/2/2024,2,1,,,,pil,dim_pl,novel,phildann,pildan
57994,6/2/2024,2,1,,,,kora,dim_pl,familiar,koradan,koradan
57994,6/2/2024,2,1,,,,berko,dim_pl,familiar,jnieff,
57994,6/2/2024,2,1,,,,shinti,dim_pl,novel,shintidan,shintidan
59173,6/3/2024,2,1,,,,kora,dim_pl,familiar,korasil,korasil
59173,6/3/2024,2,1,,,,berko,dim_pl,familiar,berkosil,berkosil
59173,6/3/2024,2,1,,,,pil,dim_pl,novel,pilsil,pilsil
59173,6/3/2024,2,1,,,,shinder,dim_pl,novel,shindersil,shindersil
59173,6/3/2024,2,1,,,,bal,dim_pl,familiar,balsil,balsil
59173,6/3/2024,2,1,,,,shinti,dim_pl,novel,shintisil,shintisil
59337,6/3/2024,2,1,,,,shinti,dim_pl,novel,,
59337,6/3/2024,2,1,,,,berko,dim_pl,familiar,berkodan,berkodan
59337,6/3/2024,2,1,,,,pil,dim_pl,novel,pilos,pilos
59337,6/3/2024,2,1,,,,kora,dim_pl,familiar,koradan,koradan
59337,6/3/2024,2,1,,,,bal,dim_pl,familiar,baldan,baldan
59337,6/3/2024,2,1,,,,shinder,dim_pl,novel,shindoshoon,shindoshoon
59053,6/3/2024,5,0,,,,berko,dim_pl,familiar,berkonim,berkonem
59053,6/3/2024,5,0,,,,shinder,dim_pl,novel,shindernim,shindernem
59053,6/3/2024,5,0,,,,bal,dim_pl,familiar,balnim,balnem
59053,6/3/2024,5,0,,,,pil,dim_pl,novel,pilshim,
59053,6/3/2024,5,0,,,,kora,dim_pl,familiar,koradim,
59053,6/3/2024,5,0,,,,shinti,dim_pl,novel,shintishoon,shintishoon
58666,6/3/2024,1,0,,,,pil,dim_pl,novel,pilsil,pilsil
58666,6/3/2024,1,0,,,,bal,dim_pl,familiar,balsil,balsil
58666,6/3/2024,1,0,,,,shinti,dim_pl,novel,shintidan,shintidan
58666,6/3/2024,1,0,,,,berko,dim_pl,familiar,berkodan,berkodan
58666,6/3/2024,1,0,,,,shinder,dim_pl,novel,shintisil,shintisil
58666,6/3/2024,1,0,,,,kora,dim_pl,familiar,korasil,korasil
58761,6/3/2024,1,0,,,,shinder,dim_pl,novel,shindersil,shindersil
58761,6/3/2024,1,0,,,,kora,dim_pl,familiar,korasil,korasil
58761,6/3/2024,1,0,,,,bal,dim_pl,familiar,balsil,balsil
58761,6/3/2024,1,0,,,,pil,dim_pl,novel,pildan,pildan
58761,6/3/2024,1,0,,,,shinti,dim_pl,novel,shintidan,shintidan
58761,6/3/2024,1,0,,,,berko,dim_pl,familiar,berkodan,berkodan
57087,6/3/2024,1,0,,,,pil,dim_pl,novel,pilsil,pilsil
57087,6/3/2024,1,0,,,,kora,dim_pl,familiar,korasil,korasil
57087,6/3/2024,1,0,,,,shinder,dim_pl,novel,shindersil,shindersil
57087,6/3/2024,1,0,,,,berko,dim_pl,familiar,berkosil,berkosil
57087,6/3/2024,1,0,,,,shinti,dim_pl,novel,shintisin,
57087,6/3/2024,1,0,,,,bal,dim_pl,familiar,baldan,baldan
59186,6/3/2024,2,0,,,,shinder,dim_pl,novel,shinderdan,shinderdan
59186,6/3/2024,2,0,,,,shinti,dim_pl,novel,shintidan,shintidan
59186,6/3/2024,2,0,,,,pil,dim_pl,novel,pil,
59186,6/3/2024,2,0,,,,kora,dim_pl,familiar,koranem,koranem
59186,6/3/2024,2,0,,,,berko,dim_pl,familiar,berkosil,berkosil
59186,6/3/2024,2,0,,,,bal,dim_pl,familiar,balnem,balnem
58993,6/4/2024,4,0,,,,shinder,dim_pl,novel,shindersoon,shindershoon
58993,6/4/2024,4,0,,,,shinti,dim_pl,novel,shintidan,shintidan
58993,6/4/2024,4,0,,,,pil,dim_pl,novel,pilnem,pilnem
58993,6/4/2024,4,0,,,,berko,dim_pl,familiar,berkonem,berkonem
58993,6/4/2024,4,0,,,,bal,dim_pl,familiar,balnem,balnem
58993,6/4/2024,4,0,,,,kora,dim_pl,familiar,koranem,koranem
58728,6/4/2024,6,0,,,,berko,dim_pl,familiar,berkosil,berkosil
58728,6/4/2024,6,0,,,,pil,dim_pl,novel,pilsil,pilsil
58728,6/4/2024,6,0,,,,shinti,dim_pl,novel,shintisil,shintisil
58728,6/4/2024,6,0,,,,kora,dim_pl,familiar,korasil,korasil
58728,6/4/2024,6,0,,,,shinder,dim_pl,novel,shindersil,shindersil
58728,6/4/2024,6,0,,,,bal,dim_pl,familiar,balsil,balsil
59171,6/4/2024,2,1,,,,shinti,dim_pl,novel,shintishoon,shintishoon
59171,6/4/2024,2,1,,,,shinder,dim_pl,novel,shindershoon,shindershoon
59171,6/4/2024,2,1,,,,kora,dim_pl,familiar,korasil,korasil
59171,6/4/2024,2,1,,,,bal,dim_pl,familiar,baldan,baldan
59171,6/4/2024,2,1,,,,berko,dim_pl,familiar,berkodan,berkodan
59171,6/4/2024,2,1,,,,pil,dim_pl,novel,pilsil,pilsil
59298,6/4/2024,4,0,,,,pil,dim_pl,novel,pildan,pildan
59298,6/4/2024,4,0,,,,shinder,dim_pl,novel,shindersil,shindersil
59298,6/4/2024,4,0,,,,berko,dim_pl,familiar,berkosil,berkosil
59298,6/4/2024,4,0,,,,kora,dim_pl,familiar,korasil,korasil
59298,6/4/2024,4,0,,,,bal,dim_pl,familiar,balsil,balsil
59298,6/4/2024,4,0,,,,shinti,dim_pl,novel,shintisil,shintisil
58898,6/4/2024,6,0,,,,shinder,dim_pl,novel,,
58898,6/4/2024,6,0,,,,bal,dim_pl,familiar,bal,
58898,6/4/2024,6,0,,,,pil,dim_pl,novel,pil,
58898,6/4/2024,6,0,,,,kora,dim_pl,familiar,kora,
58898,6/4/2024,6,0,,,,shinti,dim_pl,novel,shinti,
58898,6/4/2024,6,0,,,,berko,dim_pl,familiar,berko,
59227,6/5/2024,5,0,,,,shinder,dim_pl,novel,shiner,
59227,6/5/2024,5,0,,,,shinti,dim_pl,novel,,
59227,6/5/2024,5,0,,,,berko,dim_pl,familiar,berkosil,
59227,6/5/2024,5,0,,,,kora,dim_pl,familiar,ko,
59227,6/5/2024,5,0,,,,pil,dim_pl,novel,,
59227,6/5/2024,5,0,,,,bal,dim_pl,familiar,balsil,
57616,6/6/2024,4,1,,,,kora,dim_pl,familiar,korasil,korasil
57616,6/6/2024,4,1,,,,shinder,dim_pl,novel,shidersil,shidersil
57616,6/6/2024,4,1,,,,shinti,dim_pl,novel,shintisil,shintisil
57616,6/6/2024,4,1,,,,pil,dim_pl,novel,pilsil,pilsil
57616,6/6/2024,4,1,,,,bal,dim_pl,familiar,balsil,balsil
57616,6/6/2024,4,1,,,,berko,dim_pl,familiar,berkosil,berkosil
59122,6/6/2024,4,1,,,,kora,dim_pl,familiar,kora,
59122,6/6/2024,4,1,,,,shinti,dim_pl,novel,shintisil,shintisil
59122,6/6/2024,4,1,,,,shinder,dim_pl,novel,shindershoon,shindershoon
59122,6/6/2024,4,1,,,,pil,dim_pl,novel,pilsil,pilsil
59122,6/6/2024,4,1,,,,berko,dim_pl,familiar,berkosil,berkosil
59122,6/6/2024,4,1,,,,bal,dim_pl,familiar,balsil,balsil
58939,6/7/2024,2,0,,,,pil,dim_pl,novel,pildan,pildan
58939,6/7/2024,2,0,,,,shinti,dim_pl,novel,shintisil,shintisil
58939,6/7/2024,2,0,,,,kora,dim_pl,familiar,koradan,koradan
58939,6/7/2024,2,0,,,,shinder,dim_pl,novel,shindersil,shindersil
58939,6/7/2024,2,0,,,,berko,dim_pl,familiar,berkodan,berkodan
58939,6/7/2024,2,0,,,,bal,dim_pl,familiar,balsil,balsil
59328,6/7/2024,1,1,,,,kora,dim_pl,familiar,kora,
59328,6/7/2024,1,1,,,,shinder,dim_pl,novel,shinder,
59328,6/7/2024,1,1,,,,pil,dim_pl,novel,pil,
59328,6/7/2024,1,1,,,,shinti,dim_pl,novel,shinti,
59328,6/7/2024,1,1,,,,bal,dim_pl,familiar,bal,
59328,6/7/2024,1,1,,,,berko,dim_pl,familiar,berko,
57733,6/9/2024,6,0,,,,kora,dim_pl,familiar,korasil,korasil
57733,6/9/2024,6,0,,,,pil,dim_pl,novel,pilsil,pilsil
57733,6/9/2024,6,0,,,,berko,dim_pl,familiar,berkosil,berkosil
57733,6/9/2024,6,0,,,,bal,dim_pl,familiar,balsil,balsil
57733,6/9/2024,6,0,,,,shinti,dim_pl,novel,shintisil,shintisil
57733,6/9/2024,6,0,,,,shinder,dim_pl,novel,shindersil,shindersil
56878,6/9/2024,6,0,,,,shinti,dim_pl,novel,dan,
56878,6/9/2024,6,0,,,,pil,dim_pl,novel,sil,
56878,6/9/2024,6,0,,,,berko,dim_pl,familiar,berkosil,
56878,6/9/2024,6,0,,,,kora,dim_pl,familiar,dan,
56878,6/9/2024,6,0,,,,shinder,dim_pl,novel,dan,
56878,6/9/2024,6,0,,,,bal,dim_pl,familiar,balsil,
59207,6/12/2024,5,1,,,,shinder,dim_pl,novel,shinderdan,shinderdan
59207,6/12/2024,5,1,,,,berko,dim_pl,familiar,berkodan,berkodan
59207,6/12/2024,5,1,,,,kora,dim_pl,familiar,koradan,koradan
59207,6/12/2024,5,1,,,,bal,dim_pl,familiar,baldan,baldan
59207,6/12/2024,5,1,,,,pil,dim_pl,novel,pildan,pildan
59207,6/12/2024,5,1,,,,shinti,dim_pl,novel,shintidan,shintidan
57821,6/12/2024,2,0,,,,berko,dim_pl,familiar,berko,berko
57821,6/12/2024,2,0,,,,bal,dim_pl,familiar,balsil,balsil
57821,6/12/2024,2,0,,,,kora,dim_pl,familiar,koradan,koradan
57821,6/12/2024,2,0,,,,pil,dim_pl,novel,pilchoo,
57821,6/12/2024,2,0,,,,shinder,dim_pl,novel,shinderdannem,
57821,6/12/2024,2,0,,,,shinti,dim_pl,novel,shintisilnem,
57048,6/13/2024,3,0,,,,bal,dim_pl,familiar,balshoon,balshoon
57048,6/13/2024,3,0,,,,shinder,dim_pl,novel,shnidershoon,shnidershoon
57048,6/13/2024,3,0,,,,berko,dim_pl,familiar,berkonem,berkonem
57048,6/13/2024,3,0,,,,kora,dim_pl,familiar,koranem,koranem
57048,6/13/2024,3,0,,,,pil,dim_pl,novel,pilsil,pilsil
57048,6/13/2024,3,0,,,,shinti,dim_pl,novel,shintinem,shintinem
58817,6/13/2024,4,0,,,,kora,dim_pl,familiar,koradan,koradan
58817,6/13/2024,4,0,,,,pil,dim_pl,novel,pilidan,pilidan
58817,6/13/2024,4,0,,,,shinti,dim_pl,novel,shintisil,shintisil
58817,6/13/2024,4,0,,,,shinder,dim_pl,novel,shinderdan,shinderdan
58817,6/13/2024,4,0,,,,bal,dim_pl,familiar,balsil,balsil
58817,6/13/2024,4,0,,,,berko,dim_pl,familiar,berkosal,berkosal
59114,6/13/2024,4,1,,,,pil,dim_pl,novel,pildan,pildan
59114,6/13/2024,4,1,,,,kora,dim_pl,familiar,koradan,koradan
59114,6/13/2024,4,1,,,,shinti,dim_pl,novel,shintidan,shintidan
59114,6/13/2024,4,1,,,,berko,dim_pl,familiar,berkosil,berkosil
59114,6/13/2024,4,1,,,,shinder,dim_pl,novel,shinderdan,shinderdan
59114,6/13/2024,4,1,,,,bal,dim_pl,familiar,balsil,balsil
55381,6/13/2024,1,1,,,,berko,dim_pl,familiar,berkosil,berkosil
55381,6/13/2024,1,1,,,,pil,dim_pl,novel,pilsil,pilsil
55381,6/13/2024,1,1,,,,kora,dim_pl,familiar,korasil,korasil
55381,6/13/2024,1,1,,,,shinti,dim_pl,novel,shintisil,shintisil
55381,6/13/2024,1,1,,,,bal,dim_pl,familiar,balshil,balshil
55381,6/13/2024,1,1,,,,shinder,dim_pl,novel,shindershi,shindershi
59011,6/13/2024,6,1,,,,shinti,dim_pl,novel,shintidan,shintidan
59011,6/13/2024,6,1,,,,bal,dim_pl,familiar,baldan,baldan
59011,6/13/2024,6,1,,,,kora,dim_pl,familiar,korasil,korasil
59011,6/13/2024,6,1,,,,pil,dim_pl,novel,,
59011,6/13/2024,6,1,,,,berko,dim_pl,familiar,,
59011,6/13/2024,6,1,,,,shinder,dim_pl,novel,shinderdan,shinderdan
59344,6/13/2024,6,1,,,,kora,dim_pl,familiar,korashoon,korashoon
59344,6/13/2024,6,1,,,,pil,dim_pl,novel,,
59344,6/13/2024,6,1,,,,shinti,dim_pl,novel,Shintishoon,Shintishoon
59344,6/13/2024,6,1,,,,shinder,dim_pl,novel,shindershoon,shindershoon
59344,6/13/2024,6,1,,,,bal,dim_pl,familiar,"
baldan","
baldan"
59344,6/13/2024,6,1,,,,berko,dim_pl,familiar,Berkodan,Berkodan
57890,6/14/2024,2,0,,,,pil,dim_pl,novel,pildan,pildan
57890,6/14/2024,2,0,,,,shinder,dim_pl,novel,shindersil,shindersil
57890,6/14/2024,2,0,,,,kora,dim_pl,familiar,korasil,korasil
57890,6/14/2024,2,0,,,,bal,dim_pl,familiar,balsil,balsil
57890,6/14/2024,2,0,,,,shinti,dim_pl,novel,shintisil,shintisil
57890,6/14/2024,2,0,,,,berko,dim_pl,familiar,berkosil,berkosil
51744,6/14/2024,4,0,,,,bal,dim_pl,familiar,,
51744,6/14/2024,4,0,,,,kora,dim_pl,familiar,korasil,korasil
51744,6/14/2024,4,0,,,,shinti,dim_pl,novel,shintinem,shintinem
51744,6/14/2024,4,0,,,,shinder,dim_pl,novel,shinder,shinder
51744,6/14/2024,4,0,,,,berko,dim_pl,familiar,berkoshoon,berkoshoon
51744,6/14/2024,4,0,,,,pil,dim_pl,novel,pilodan,pilodan
59348,6/14/2024,4,0,,,,kora,dim_pl,familiar,koras,
59348,6/14/2024,4,0,,,,shinder,dim_pl,novel,shindashoon,shindershoon
59348,6/14/2024,4,0,,,,pil,dim_pl,novel,pilshoon,pilshoon
59348,6/14/2024,4,0,,,,bal,dim_pl,familiar,balshoon,balshoon
59348,6/14/2024,4,0,,,,shinti,dim_pl,novel,shintishoon,shintishoon
59348,6/14/2024,4,0,,,,berko,dim_pl,familiar,berkoshoon,berkoshoon
