weights,Stem,Meaning,Frequency,row_number,label
0.18,Familiar,Original,Frequent,1,Original Frequent
0.302,Familiar,Original,Frequent,2,Original Frequent
0.479328,Familiar,Original,Frequent,3,Original Frequent
0.5208018799999999,Familiar,Original,Frequent,4,Original Frequent
0.5729939343999999,Familiar,Original,Frequent,5,Original Frequent
0.614539808352,Familiar,Original,Frequent,6,Original Frequent
0.6456409300342401,Familiar,Original,Frequent,7,Original Frequent
0.65180691839088,Familiar,Original,Frequent,8,Original Frequent
0.7019038694304928,Familiar,Original,Frequent,9,Original Frequent
0.7354294352898103,Familiar,Original,Frequent,10,Original Frequent
0.7327281725528397,Familiar,Original,Frequent,11,Original Frequent
0.7419364962354491,Familiar,Original,Frequent,12,Original Frequent
0.7410722988393011,Familiar,Original,Frequent,13,Original Frequent
0.7277715478190844,Familiar,Original,Frequent,14,Original Frequent
0.7041470896733759,Familiar,Original,Frequent,15,Original Frequent
0.734257781464041,Familiar,Original,Frequent,16,Original Frequent
0.7482135127761532,Familiar,Original,Frequent,17,Original Frequent
0.7832888910798765,Familiar,Original,Frequent,18,Original Frequent
0.8033274840761707,Familiar,Original,Frequent,19,Original Frequent
0.833972515135757,Familiar,Original,Frequent,20,Original Frequent
0.821174524227458,Familiar,Original,Frequent,21,Original Frequent
0.815727726780485,Familiar,Original,Frequent,22,Original Frequent
0.7772718241583764,Familiar,Original,Frequent,23,Original Frequent
0.7316171063330436,Familiar,Original,Frequent,24,Original Frequent
0.7807867991602506,Familiar,Original,Frequent,25,Original Frequent
0.7649789487781581,Familiar,Original,Frequent,26,Original Frequent
0.7630409971598099,Familiar,Original,Frequent,27,Original Frequent
0.778739730668631,Familiar,Original,Frequent,28,Original Frequent
0.7921768580367881,Familiar,Original,Frequent,29,Original Frequent
0.8139035384167783,Familiar,Original,Frequent,30,Original Frequent
0.8347864120310108,Familiar,Original,Frequent,31,Original Frequent
0.7905767636400827,Familiar,Original,Frequent,32,Original Frequent
0.7949132925942688,Familiar,Original,Frequent,33,Original Frequent
0.774346924586871,Familiar,Original,Frequent,34,Original Frequent
0.8119058032301,Familiar,Original,Frequent,35,Original Frequent
0.8135823861042579,Familiar,Original,Frequent,36,Original Frequent
0.8128447164382275,Familiar,Original,Frequent,37,Original Frequent
0.7682519632684368,Familiar,Original,Frequent,38,Original Frequent
0.7389985992200518,Familiar,Original,Frequent,39,Original Frequent
0.7413930315676359,Familiar,Original,Frequent,40,Original Frequent
0.7531222101672708,Familiar,Original,Frequent,41,Original Frequent
0.7892465516765261,Familiar,Original,Frequent,42,Original Frequent
0.7754439304251897,Familiar,Original,Frequent,43,Original Frequent
0.8172364819283648,Familiar,Original,Frequent,44,Original Frequent
0.8399267066031004,Familiar,Original,Frequent,45,Original Frequent
0.8106499219909633,Familiar,Original,Frequent,46,Original Frequent
0.7804764806750613,Familiar,Original,Frequent,47,Original Frequent
0.7997205116263895,Familiar,Original,Frequent,48,Original Frequent
0.8376548394431227,Familiar,Original,Frequent,49,Original Frequent
0.8098225483804178,Familiar,Original,Frequent,50,Original Frequent
0.7893964899118846,Familiar,Original,Frequent,51,Original Frequent
0.7747050329862002,Familiar,Original,Frequent,52,Original Frequent
0.8152085798245184,Familiar,Original,Frequent,53,Original Frequent
0.8247959299230652,Familiar,Original,Frequent,54,Original Frequent
0.8087508219654719,Familiar,Original,Frequent,55,Original Frequent
0.8315069825750263,Familiar,Original,Frequent,56,Original Frequent
0.8240228726112785,Familiar,Original,Frequent,57,Original Frequent
0.8179314381080292,Familiar,Original,Frequent,58,Original Frequent
0.8341398155777547,Familiar,Original,Frequent,59,Original Frequent
0.8354377855179167,Familiar,Original,Frequent,60,Original Frequent
0.8418406090992312,Familiar,Original,Frequent,61,Original Frequent
0.8387186002456053,Familiar,Original,Frequent,62,Original Frequent
0.8148881819673053,Familiar,Original,Frequent,63,Original Frequent
0.7880238768918596,Familiar,Original,Frequent,64,Original Frequent
0.7759675838011321,Familiar,Original,Frequent,65,Original Frequent
0.7806671666313877,Familiar,Original,Frequent,66,Original Frequent
0.7642026275798409,Familiar,Original,Frequent,67,Original Frequent
0.7897288307765373,Familiar,Original,Frequent,68,Original Frequent
0.7892575406342768,Familiar,Original,Frequent,69,Original Frequent
0.8029741430045633,Familiar,Original,Frequent,70,Original Frequent
0.8096438154010789,Familiar,Original,Frequent,71,Original Frequent
0.7711606523697756,Familiar,Original,Frequent,72,Original Frequent
0.7906902015580227,Familiar,Original,Frequent,73,Original Frequent
0.8059799036967591,Familiar,Original,Frequent,74,Original Frequent
0.8059502299881443,Familiar,Original,Frequent,75,Original Frequent
0.8214509450188429,Familiar,Original,Frequent,76,Original Frequent
0.825661970876401,Familiar,Original,Frequent,77,Original Frequent
0.8308312439458363,Familiar,Original,Frequent,78,Original Frequent
0.7956810125466817,Familiar,Original,Frequent,79,Original Frequent
0.7767359262456347,Familiar,Original,Frequent,80,Original Frequent
0.7951688540955111,Familiar,Original,Frequent,81,Original Frequent
0.7509316604127163,Familiar,Original,Frequent,82,Original Frequent
0.7469875464286585,Familiar,Original,Frequent,83,Original Frequent
0.7798756812745438,Familiar,Original,Frequent,84,Original Frequent
0.7672541559547575,Familiar,Original,Frequent,85,Original Frequent
0.7761035160776931,Familiar,Original,Frequent,86,Original Frequent
0.7992986828367361,Familiar,Original,Frequent,87,Original Frequent
0.8478243861242001,Familiar,Original,Frequent,88,Original Frequent
0.8660182363097961,Familiar,Original,Frequent,89,Original Frequent
0.8743278793239614,Familiar,Original,Frequent,90,Original Frequent
0.8730032860223025,Familiar,Original,Frequent,91,Original Frequent
0.8867267218826178,Familiar,Original,Frequent,92,Original Frequent
0.8472370902313668,Familiar,Original,Frequent,93,Original Frequent
0.8445771816361543,Familiar,Original,Frequent,94,Original Frequent
0.7960046081609062,Familiar,Original,Frequent,95,Original Frequent
0.8001240830143697,Familiar,Original,Frequent,96,Original Frequent
0.802683751485614,Familiar,Original,Frequent,97,Original Frequent
0.7839453222962747,Familiar,Original,Frequent,98,Original Frequent
0.8109694197816042,Familiar,Original,Frequent,99,Original Frequent
0.7962403846671926,Familiar,Original,Frequent,100,Original Frequent
0.8000020134499378,Familiar,Original,Frequent,101,Original Frequent
0.8112115711717002,Familiar,Original,Frequent,102,Original Frequent
0.7992773767087674,Familiar,Original,Frequent,103,Original Frequent
0.7958756946642659,Familiar,Original,Frequent,104,Original Frequent
0.7718234450644935,Familiar,Original,Frequent,105,Original Frequent
0.7901739124096111,Familiar,Original,Frequent,106,Original Frequent
0.8044377581459505,Familiar,Original,Frequent,107,Original Frequent
0.7783779308463644,Familiar,Original,Frequent,108,Original Frequent
0.771672935463218,Familiar,Original,Frequent,109,Original Frequent
0.7555475142011826,Familiar,Original,Frequent,110,Original Frequent
0.6880414777424392,Familiar,Original,Frequent,111,Original Frequent
0.6931826166949939,Familiar,Original,Frequent,112,Original Frequent
0.7314497477458651,Familiar,Original,Frequent,113,Original Frequent
0.7387870483551314,Familiar,Original,Frequent,114,Original Frequent
0.690470590790721,Familiar,Original,Frequent,115,Original Frequent
0.7128924955822891,Familiar,Original,Frequent,116,Original Frequent
0.704534225035856,Familiar,Original,Frequent,117,Original Frequent
0.7299534528776079,Familiar,Original,Frequent,118,Original Frequent
0.6604267717679044,Familiar,Original,Frequent,119,Original Frequent
0.7390388643444689,Familiar,Original,Frequent,120,Original Frequent
0.12,Familiar,Novel,Frequent,1,Novel Frequent
0.1802,Familiar,Novel,Frequent,2,Novel Frequent
0.267912,Familiar,Novel,Frequent,3,Novel Frequent
0.30938588,Familiar,Novel,Frequent,4,Novel Frequent
0.33718302879999995,Familiar,Novel,Frequent,5,Novel Frequent
0.36028490543999997,Familiar,Novel,Frequent,6,Novel Frequent
0.349260501224,Familiar,Novel,Frequent,7,Novel Frequent
0.35542648958064,Familiar,Novel,Frequent,8,Novel Frequent
0.4055234406202528,Familiar,Novel,Frequent,9,Novel Frequent
0.43904900647957024,Familiar,Novel,Frequent,10,Novel Frequent
0.4183388927014182,Familiar,Novel,Frequent,11,Novel Frequent
0.4226054983678942,Familiar,Novel,Frequent,12,Novel Frequent
0.4304022453316057,Familiar,Novel,Frequent,13,Novel Frequent
0.4224425563476393,Familiar,Novel,Frequent,14,Novel Frequent
0.4276040036912688,Familiar,Novel,Frequent,15,Novel Frequent
0.4143997700080929,Familiar,Novel,Frequent,16,Novel Frequent
0.4112409859142101,Familiar,Novel,Frequent,17,Novel Frequent
0.42280902476080995,Familiar,Novel,Frequent,18,Novel Frequent
0.4174600041866604,Familiar,Novel,Frequent,19,Novel Frequent
0.4325287150285677,Familiar,Novel,Frequent,20,Novel Frequent
0.415376473263072,Familiar,Novel,Frequent,21,Novel Frequent
0.40792672042178835,Familiar,Novel,Frequent,22,Novel Frequent
0.39317510521273863,Familiar,Novel,Frequent,23,Novel Frequent
0.3423672342397872,Familiar,Novel,Frequent,24,Novel Frequent
0.372525668096254,Familiar,Novel,Frequent,25,Novel Frequent
0.38694175746534987,Familiar,Novel,Frequent,26,Novel Frequent
0.3698650935077299,Familiar,Novel,Frequent,27,Novel Frequent
0.3751407352540663,Familiar,Novel,Frequent,28,Novel Frequent
0.3885778626222234,Familiar,Novel,Frequent,29,Novel Frequent
0.40195953256641853,Familiar,Novel,Frequent,30,Novel Frequent
0.4051195294404448,Familiar,Novel,Frequent,31,Novel Frequent
0.3846407759416397,Familiar,Novel,Frequent,32,Novel Frequent
0.3889773048958258,Familiar,Novel,Frequent,33,Novel Frequent
0.3814154464130012,Familiar,Novel,Frequent,34,Novel Frequent
0.3882020698005745,Familiar,Novel,Frequent,35,Novel Frequent
0.38987865267473265,Familiar,Novel,Frequent,36,Novel Frequent
0.3877520675860574,Familiar,Novel,Frequent,37,Novel Frequent
0.36480534558718475,Familiar,Novel,Frequent,38,Novel Frequent
0.360847255408137,Familiar,Novel,Frequent,39,Novel Frequent
0.3300878788705622,Familiar,Novel,Frequent,40,Novel Frequent
0.3337672402955919,Familiar,Novel,Frequent,41,Novel Frequent
0.3458238982849967,Familiar,Novel,Frequent,42,Novel Frequent
0.3551293189851479,Familiar,Novel,Frequent,43,Novel Frequent
0.37679905553244786,Familiar,Novel,Frequent,44,Novel Frequent
0.3838694163442175,Familiar,Novel,Frequent,45,Novel Frequent
0.3841434312897025,Familiar,Novel,Frequent,46,Novel Frequent
0.37461854799994765,Familiar,Novel,Frequent,47,Novel Frequent
0.36511988607347534,Familiar,Novel,Frequent,48,Novel Frequent
0.39473832316494095,Familiar,Novel,Frequent,49,Novel Frequent
0.403903808255923,Familiar,Novel,Frequent,50,Novel Frequent
0.3793350697257257,Familiar,Novel,Frequent,51,Novel Frequent
0.36464361280004143,Familiar,Novel,Frequent,52,Novel Frequent
0.37201784946755057,Familiar,Novel,Frequent,53,Novel Frequent
0.3769597829104199,Familiar,Novel,Frequent,54,Novel Frequent
0.3547987715039618,Familiar,Novel,Frequent,55,Novel Frequent
0.3649879838485787,Familiar,Novel,Frequent,56,Novel Frequent
0.34088798183923397,Familiar,Novel,Frequent,57,Novel Frequent
0.3261562834722743,Familiar,Novel,Frequent,58,Novel Frequent
0.3423646609419999,Familiar,Novel,Frequent,59,Novel Frequent
0.34111674393394387,Familiar,Novel,Frequent,60,Novel Frequent
0.34418658342190145,Familiar,Novel,Frequent,61,Novel Frequent
0.3366984389815338,Familiar,Novel,Frequent,62,Novel Frequent
0.34345515730195214,Familiar,Novel,Frequent,63,Novel Frequent
0.31697069579606624,Familiar,Novel,Frequent,64,Novel Frequent
0.32759295512848774,Familiar,Novel,Frequent,65,Novel Frequent
0.3414265176158763,Familiar,Novel,Frequent,66,Novel Frequent
0.2996468032871336,Familiar,Novel,Frequent,67,Novel Frequent
0.3183813595218864,Familiar,Novel,Frequent,68,Novel Frequent
0.31873657186099824,Familiar,Novel,Frequent,69,Novel Frequent
0.32329985059554134,Familiar,Novel,Frequent,70,Novel Frequent
0.3251480967227079,Familiar,Novel,Frequent,71,Novel Frequent
0.31633786594534696,Familiar,Novel,Frequent,72,Novel Frequent
0.3359997269102537,Familiar,Novel,Frequent,73,Novel Frequent
0.34939458001828005,Familiar,Novel,Frequent,74,Novel Frequent
0.34566525211618593,Familiar,Novel,Frequent,75,Novel Frequent
0.3525416466547313,Familiar,Novel,Frequent,76,Novel Frequent
0.33450681912430313,Familiar,Novel,Frequent,77,Novel Frequent
0.3376779794425795,Familiar,Novel,Frequent,78,Novel Frequent
0.33170391333462457,Familiar,Novel,Frequent,79,Novel Frequent
0.3132308222311011,Familiar,Novel,Frequent,80,Novel Frequent
0.32353391181393165,Familiar,Novel,Frequent,81,Novel Frequent
0.31782782540705146,Familiar,Novel,Frequent,82,Novel Frequent
0.309896513949909,Familiar,Novel,Frequent,83,Novel Frequent
0.3211902095488204,Familiar,Novel,Frequent,84,Novel Frequent
0.30145945718179357,Familiar,Novel,Frequent,85,Novel Frequent
0.3043110802466509,Familiar,Novel,Frequent,86,Novel Frequent
0.33016897214278107,Familiar,Novel,Frequent,87,Novel Frequent
0.37017620405191687,Familiar,Novel,Frequent,88,Novel Frequent
0.3847254822057864,Familiar,Novel,Frequent,89,Novel Frequent
0.39331448776831657,Familiar,Novel,Frequent,90,Novel Frequent
0.3911001353079493,Familiar,Novel,Frequent,91,Novel Frequent
0.39837775005046894,Familiar,Novel,Frequent,92,Novel Frequent
0.38877539917525145,Familiar,Novel,Frequent,93,Novel Frequent
0.39428326956677195,Familiar,Novel,Frequent,94,Novel Frequent
0.3531161665677818,Familiar,Novel,Frequent,95,Novel Frequent
0.352750410320716,Familiar,Novel,Frequent,96,Novel Frequent
0.35531007879196036,Familiar,Novel,Frequent,97,Novel Frequent
0.3429016749883175,Familiar,Novel,Frequent,98,Novel Frequent
0.3576470355633594,Familiar,Novel,Frequent,99,Novel Frequent
0.3439925624654072,Familiar,Novel,Frequent,100,Novel Frequent
0.3388440898405738,Familiar,Novel,Frequent,101,Novel Frequent
0.34559716341297075,Familiar,Novel,Frequent,102,Novel Frequent
0.32316577417523856,Familiar,Novel,Frequent,103,Novel Frequent
0.3445436644374692,Familiar,Novel,Frequent,104,Novel Frequent
0.3188599993570621,Familiar,Novel,Frequent,105,Novel Frequent
0.32737228551956893,Familiar,Novel,Frequent,106,Novel Frequent
0.3391614106721023,Familiar,Novel,Frequent,107,Novel Frequent
0.3177680351684792,Familiar,Novel,Frequent,108,Novel Frequent
0.31777044705273744,Familiar,Novel,Frequent,109,Novel Frequent
0.3306456822161914,Familiar,Novel,Frequent,110,Novel Frequent
0.2796494738022889,Familiar,Novel,Frequent,111,Novel Frequent
0.30159275208690106,Familiar,Novel,Frequent,112,Novel Frequent
0.3351030725913268,Familiar,Novel,Frequent,113,Novel Frequent
0.3389069894064186,Familiar,Novel,Frequent,114,Novel Frequent
0.3363478972638024,Familiar,Novel,Frequent,115,Novel Frequent
0.3595062232468218,Familiar,Novel,Frequent,116,Novel Frequent
0.37331637328192047,Familiar,Novel,Frequent,117,Novel Frequent
0.37993039353481795,Familiar,Novel,Frequent,118,Novel Frequent
0.34896393495900635,Familiar,Novel,Frequent,119,Novel Frequent
0.3608158754099847,Familiar,Novel,Frequent,120,Novel Frequent
0.13999999999999999,Novel,Original,Frequent,1,Original Frequent
0.19999999999999998,Novel,Original,Frequent,2,Original Frequent
0.31916,Novel,Original,Frequent,3,Original Frequent
0.32691164,Novel,Original,Frequent,4,Original Frequent
0.36757446239999997,Novel,Original,Frequent,5,Original Frequent
0.38601845971199994,Novel,Original,Frequent,6,Original Frequent
0.42814398561024,Novel,Original,Frequent,7,Original Frequent
0.449235369054016,Novel,Original,Frequent,8,Original Frequent
0.489605517231552,Novel,Original,Frequent,9,Original Frequent
0.5088913126838708,Novel,Original,Frequent,10,Original Frequent
0.5141950315089279,Novel,Original,Frequent,11,Original Frequent
0.5319138767532128,Novel,Original,Frequent,12,Original Frequent
0.5106067941446095,Novel,Original,Frequent,13,Original Frequent
0.494968228938645,Novel,Original,Frequent,14,Original Frequent
0.491256749481054,Novel,Original,Frequent,15,Original Frequent
0.5238051191037022,Novel,Original,Frequent,16,Original Frequent
0.5371164452147416,Novel,Original,Frequent,17,Original Frequent
0.5719868057090103,Novel,Original,Frequent,18,Original Frequent
0.6001981822561793,Novel,Original,Frequent,19,Original Frequent
0.6168669694695914,Novel,Original,Frequent,20,Original Frequent
0.6132078530387406,Novel,Original,Frequent,21,Original Frequent
0.6205867491999169,Novel,Original,Frequent,22,Original Frequent
0.5997200575863479,Novel,Original,Frequent,23,Original Frequent
0.5608862429183643,Novel,Original,Frequent,24,Original Frequent
0.5958434733531424,Novel,Original,Frequent,25,Original Frequent
0.5715685048571064,Novel,Original,Frequent,26,Original Frequent
0.5958342255930549,Novel,Original,Frequent,27,Original Frequent
0.5950686962809478,Novel,Original,Frequent,28,Original Frequent
0.6096740915144753,Novel,Original,Frequent,29,Original Frequent
0.6221290434047927,Novel,Original,Frequent,30,Original Frequent
0.6491592838717972,Novel,Original,Frequent,31,Original Frequent
0.5930504722438814,Novel,Original,Frequent,32,Original Frequent
0.5930504722438814,Novel,Original,Frequent,33,Original Frequent
0.576484688770329,Novel,Original,Frequent,34,Original Frequent
0.6114354999505193,Novel,Original,Frequent,35,Original Frequent
0.6196699575669178,Novel,Original,Frequent,36,Original Frequent
0.6241489229318538,Novel,Original,Frequent,37,Original Frequent
0.5750419425340507,Novel,Original,Frequent,38,Original Frequent
0.5599702158703525,Novel,Original,Frequent,39,Original Frequent
0.5660580368179517,Novel,Original,Frequent,40,Original Frequent
0.5801473731431253,Novel,Original,Frequent,41,Original Frequent
0.6042150566629758,Novel,Original,Frequent,42,Original Frequent
0.6039640405404065,Novel,Original,Frequent,43,Original Frequent
0.6423818459883328,Novel,Original,Frequent,44,Original Frequent
0.6596864487887752,Novel,Original,Frequent,45,Original Frequent
0.6355602566842659,Novel,Original,Frequent,46,Original Frequent
0.6132862470669529,Novel,Original,Frequent,47,Original Frequent
0.6370421858410076,Novel,Original,Frequent,48,Original Frequent
0.6561493908092337,Novel,Original,Frequent,49,Original Frequent
0.6188319557613661,Novel,Original,Frequent,50,Original Frequent
0.6242261883111678,Novel,Original,Frequent,51,Original Frequent
0.6219645928477462,Novel,Original,Frequent,52,Original Frequent
0.6556908237819935,Novel,Original,Frequent,53,Original Frequent
0.6501518640057798,Novel,Original,Frequent,54,Original Frequent
0.6312280840325812,Novel,Original,Frequent,55,Original Frequent
0.6678543704425364,Novel,Original,Frequent,56,Original Frequent
0.6816144581969512,Novel,Original,Frequent,57,Original Frequent
0.6862421775939727,Novel,Original,Frequent,58,Original Frequent
0.6862421775939727,Novel,Original,Frequent,59,Original Frequent
0.6948136134307856,Novel,Original,Frequent,60,Original Frequent
0.6981465975241425,Novel,Original,Frequent,61,Original Frequent
0.703922055536873,Novel,Original,Frequent,62,Original Frequent
0.6770304614866112,Novel,Original,Frequent,63,Original Frequent
0.6749993736953116,Novel,Original,Frequent,64,Original Frequent
0.6523208212721625,Novel,Original,Frequent,65,Original Frequent
0.6456898662815042,Novel,Original,Frequent,66,Original Frequent
0.6496685511388212,Novel,Original,Frequent,67,Original Frequent
0.6785417561412203,Novel,Original,Frequent,68,Original Frequent
0.6785417561412203,Novel,Original,Frequent,69,Original Frequent
0.6907712671378528,Novel,Original,Frequent,70,Original Frequent
0.6953629588743194,Novel,Original,Frequent,71,Original Frequent
0.6663053139563004,Novel,Original,Frequent,72,Original Frequent
0.6661730021796408,Novel,Original,Frequent,73,Original Frequent
0.658359418025179,Novel,Original,Frequent,74,Original Frequent
0.6581385379797294,Novel,Original,Frequent,75,Original Frequent
0.6742674261776574,Novel,Original,Frequent,76,Original Frequent
0.7049318456734589,Novel,Original,Frequent,77,Original Frequent
0.6956466813966397,Novel,Original,Frequent,78,Original Frequent
0.6737025857653829,Novel,Original,Frequent,79,Original Frequent
0.6430878123694703,Novel,Original,Frequent,80,Original Frequent
0.6635436115053408,Novel,Original,Frequent,81,Original Frequent
0.6289489501264742,Novel,Original,Frequent,82,Original Frequent
0.6411096011727003,Novel,Original,Frequent,83,Original Frequent
0.663593840069247,Novel,Original,Frequent,84,Original Frequent
0.6337380231273653,Novel,Original,Frequent,85,Original Frequent
0.6583043685697386,Novel,Original,Frequent,86,Original Frequent
0.6702693182354219,Novel,Original,Frequent,87,Original Frequent
0.6836926367225424,Novel,Original,Frequent,88,Original Frequent
0.6999700835359023,Novel,Original,Frequent,89,Original Frequent
0.6974237094368301,Novel,Original,Frequent,90,Original Frequent
0.6908544870267863,Novel,Original,Frequent,91,Original Frequent
0.7102981343453181,Novel,Original,Frequent,92,Original Frequent
0.6872456091991086,Novel,Original,Frequent,93,Original Frequent
0.6768759194462395,Novel,Original,Frequent,94,Original Frequent
0.6300445089302644,Novel,Original,Frequent,95,Original Frequent
0.649935549877948,Novel,Original,Frequent,96,Original Frequent
0.649935549877948,Novel,Original,Frequent,97,Original Frequent
0.6432058159228392,Novel,Original,Frequent,98,Original Frequent
0.6602861317253979,Novel,Original,Frequent,99,Original Frequent
0.6643982637002683,Novel,Original,Frequent,100,Original Frequent
0.6645993812347691,Novel,Original,Frequent,101,Original Frequent
0.6690558653841345,Novel,Original,Frequent,102,Original Frequent
0.6514697101522726,Novel,Original,Frequent,103,Original Frequent
0.6456884468358148,Novel,Original,Frequent,104,Original Frequent
0.6216894733842128,Novel,Original,Frequent,105,Original Frequent
0.6377938681040171,Novel,Original,Frequent,106,Original Frequent
0.658809736486269,Novel,Original,Frequent,107,Original Frequent
0.6265374853764698,Novel,Original,Frequent,108,Original Frequent
0.6258064897873373,Novel,Original,Frequent,109,Original Frequent
0.6009615720638849,Novel,Original,Frequent,110,Original Frequent
0.5672376283844331,Novel,Original,Frequent,111,Original Frequent
0.5519490314602928,Novel,Original,Frequent,112,Original Frequent
0.5872693500262636,Novel,Original,Frequent,113,Original Frequent
0.5899666952948669,Novel,Original,Frequent,114,Original Frequent
0.5442093298730727,Novel,Original,Frequent,115,Original Frequent
0.5582322224324883,Novel,Original,Frequent,116,Original Frequent
0.5446645253440953,Novel,Original,Frequent,117,Original Frequent
0.5783742830062734,Novel,Original,Frequent,118,Original Frequent
0.5120934748951131,Novel,Original,Frequent,119,Original Frequent
0.5857812556027342,Novel,Original,Frequent,120,Original Frequent
0.08,Novel,Novel,Frequent,1,Novel Frequent
0.07819999999999999,Novel,Novel,Frequent,2,Novel Frequent
0.10774399999999999,Novel,Novel,Frequent,3,Novel Frequent
0.11549564,Novel,Novel,Frequent,4,Novel Frequent
0.1317635568,Novel,Novel,Frequent,5,Novel Frequent
0.1317635568,Novel,Novel,Frequent,6,Novel Frequent
0.1317635568,Novel,Novel,Frequent,7,Novel Frequent
0.152854940243776,Novel,Novel,Frequent,8,Novel Frequent
0.193225088421312,Novel,Novel,Frequent,9,Novel Frequent
0.21251088387363073,Novel,Novel,Frequent,10,Novel Frequent
0.19980575165750633,Novel,Novel,Frequent,11,Novel Frequent
0.2125828788856579,Novel,Novel,Frequent,12,Novel Frequent
0.19993674063691405,Novel,Novel,Frequent,13,Novel Frequent
0.18963923746719988,Novel,Novel,Frequent,14,Novel Frequent
0.2147136634989469,Novel,Novel,Frequent,15,Novel Frequent
0.20394710764775406,Novel,Novel,Frequent,16,Novel Frequent
0.20014391835279843,Novel,Novel,Frequent,17,Novel Frequent
0.21150693938994364,Novel,Novel,Frequent,18,Novel Frequent
0.21433070236666896,Novel,Novel,Frequent,19,Novel Frequent
0.21542316936240213,Novel,Novel,Frequent,20,Novel Frequent
0.20740980207435455,Novel,Novel,Frequent,21,Novel Frequent
0.21278574284122026,Novel,Novel,Frequent,22,Novel Frequent
0.21562333864071018,Novel,Novel,Frequent,23,Novel Frequent
0.17163637082510796,Novel,Novel,Frequent,24,Novel Frequent
0.1875823422891457,Novel,Novel,Frequent,25,Novel Frequent
0.1935313135442982,Novel,Novel,Frequent,26,Novel Frequent
0.20265832194097483,Novel,Novel,Frequent,27,Novel Frequent
0.19146970086638315,Novel,Novel,Frequent,28,Novel Frequent
0.20607509609991057,Novel,Novel,Frequent,29,Novel Frequent
0.21018503755443282,Novel,Novel,Frequent,30,Novel Frequent
0.21949240128123135,Novel,Novel,Frequent,31,Novel Frequent
0.1871144845454384,Novel,Novel,Frequent,32,Novel Frequent
0.1871144845454384,Novel,Novel,Frequent,33,Novel Frequent
0.18355321059645904,Novel,Novel,Frequent,34,Novel Frequent
0.1877317665209938,Novel,Novel,Frequent,35,Novel Frequent
0.19596622413739243,Novel,Novel,Frequent,36,Novel Frequent
0.19905627407968368,Novel,Novel,Frequent,37,Novel Frequent
0.17159532485279858,Novel,Novel,Frequent,38,Novel Frequent
0.18181887205843758,Novel,Novel,Frequent,39,Novel Frequent
0.1547528841208781,Novel,Novel,Frequent,40,Novel Frequent
0.16079240327144637,Novel,Novel,Frequent,41,Novel Frequent
0.16079240327144637,Novel,Novel,Frequent,42,Novel Frequent
0.18364942910036477,Novel,Novel,Frequent,43,Novel Frequent
0.20194441959241582,Novel,Novel,Frequent,44,Novel Frequent
0.2036291585298923,Novel,Novel,Frequent,45,Novel Frequent
0.20905376598300515,Novel,Novel,Frequent,46,Novel Frequent
0.20742831439183929,Novel,Novel,Frequent,47,Novel Frequent
0.2024415602880934,Novel,Novel,Frequent,48,Novel Frequent
0.213232874531052,Novel,Novel,Frequent,49,Novel Frequent
0.2129132156368712,Novel,Novel,Frequent,50,Novel Frequent
0.214164768125009,Novel,Novel,Frequent,51,Novel Frequent
0.21190317266158742,Novel,Novel,Frequent,52,Novel Frequent
0.21250009342502557,Novel,Novel,Frequent,53,Novel Frequent
0.20231571699313455,Novel,Novel,Frequent,54,Novel Frequent
0.17727603357107125,Novel,Novel,Frequent,55,Novel Frequent
0.20133537171608878,Novel,Novel,Frequent,56,Novel Frequent
0.19847956742490663,Novel,Novel,Frequent,57,Novel Frequent
0.19446702295821777,Novel,Novel,Frequent,58,Novel Frequent
0.19446702295821777,Novel,Novel,Frequent,59,Novel Frequent
0.2004925718468128,Novel,Novel,Frequent,60,Novel Frequent
0.2004925718468128,Novel,Novel,Frequent,61,Novel Frequent
0.20190189427280164,Novel,Novel,Frequent,62,Novel Frequent
0.20559743682125797,Novel,Novel,Frequent,63,Novel Frequent
0.20394619259951824,Novel,Novel,Frequent,64,Novel Frequent
0.20394619259951824,Novel,Novel,Frequent,65,Novel Frequent
0.20644921726599277,Novel,Novel,Frequent,66,Novel Frequent
0.18511272684611388,Novel,Novel,Frequent,67,Novel Frequent
0.2071942848865693,Novel,Novel,Frequent,68,Novel Frequent
0.20802078736794177,Novel,Novel,Frequent,69,Novel Frequent
0.21109697472883088,Novel,Novel,Frequent,70,Novel Frequent
0.21086724019594846,Novel,Novel,Frequent,71,Novel Frequent
0.21148252753187183,Novel,Novel,Frequent,72,Novel Frequent
0.21148252753187183,Novel,Novel,Frequent,73,Novel Frequent
0.20177409434670013,Novel,Novel,Frequent,74,Novel Frequent
0.19785356010777116,Novel,Novel,Frequent,75,Novel Frequent
0.20535812781354587,Novel,Novel,Frequent,76,Novel Frequent
0.2137766939213611,Novel,Novel,Frequent,77,Novel Frequent
0.20249341689338282,Novel,Novel,Frequent,78,Novel Frequent
0.20972548655332582,Novel,Novel,Frequent,79,Novel Frequent
0.17958270835493667,Novel,Novel,Frequent,80,Novel Frequent
0.19190866922376132,Novel,Novel,Frequent,81,Novel Frequent
0.19584511512080938,Novel,Novel,Frequent,82,Novel Frequent
0.20401856869395088,Novel,Novel,Frequent,83,Novel Frequent
0.2049083683435237,Novel,Novel,Frequent,84,Novel Frequent
0.16794332435440137,Novel,Novel,Frequent,85,Novel Frequent
0.18651193273869643,Novel,Novel,Frequent,86,Novel Frequent
0.20113960754146681,Novel,Novel,Frequent,87,Novel Frequent
0.2060444546502593,Novel,Novel,Frequent,88,Novel Frequent
0.2186773294318925,Novel,Novel,Frequent,89,Novel Frequent
0.21641031788118523,Novel,Novel,Frequent,90,Novel Frequent
0.20895133631243312,Novel,Novel,Frequent,91,Novel Frequent
0.22194916251316918,Novel,Novel,Frequent,92,Novel Frequent
0.2287839181429932,Novel,Novel,Frequent,93,Novel Frequent
0.22658200737685724,Novel,Novel,Frequent,94,Novel Frequent
0.18715606733714002,Novel,Novel,Frequent,95,Novel Frequent
0.2025618771842944,Novel,Novel,Frequent,96,Novel Frequent
0.2025618771842944,Novel,Novel,Frequent,97,Novel Frequent
0.202162168614882,Novel,Novel,Frequent,98,Novel Frequent
0.20696374750715313,Novel,Novel,Frequent,99,Novel Frequent
0.21215044149848294,Novel,Novel,Frequent,100,Novel Frequent
0.20344145762540508,Novel,Novel,Frequent,101,Novel Frequent
0.20344145762540508,Novel,Novel,Frequent,102,Novel Frequent
0.17535810761874374,Novel,Novel,Frequent,103,Novel Frequent
0.19435641660901817,Novel,Novel,Frequent,104,Novel Frequent
0.1687260276767813,Novel,Novel,Frequent,105,Novel Frequent
0.17499224121397491,Novel,Novel,Frequent,106,Novel Frequent
0.19353338901242073,Novel,Novel,Frequent,107,Novel Frequent
0.16592758969858454,Novel,Novel,Frequent,108,Novel Frequent
0.17190400137685669,Novel,Novel,Frequent,109,Novel Frequent
0.1760597400788937,Novel,Novel,Frequent,110,Novel Frequent
0.15884562444428285,Novel,Novel,Frequent,111,Novel Frequent
0.16035916685219997,Novel,Novel,Frequent,112,Novel Frequent
0.1909226748717253,Novel,Novel,Frequent,113,Novel Frequent
0.19008663634615403,Novel,Novel,Frequent,114,Novel Frequent
0.19008663634615403,Novel,Novel,Frequent,115,Novel Frequent
0.20484595009702097,Novel,Novel,Frequent,116,Novel Frequent
0.21344667359015956,Novel,Novel,Frequent,117,Novel Frequent
0.22835122366348337,Novel,Novel,Frequent,118,Novel Frequent
0.2006306380862151,Novel,Novel,Frequent,119,Novel Frequent
0.20755826666825006,Novel,Novel,Frequent,120,Novel Frequent
0,Familiar,Original,Infrequent,1,Original Infrequent
-6e-4,Familiar,Original,Infrequent,2,Original Infrequent
-0.002766,Familiar,Original,Infrequent,3,Original Infrequent
0.07573513999999999,Familiar,Original,Infrequent,4,Original Infrequent
0.11169315599999999,Familiar,Original,Infrequent,5,Original Infrequent
0.11736724016,Familiar,Original,Infrequent,6,Original Infrequent
0.10882111199048,Familiar,Original,Infrequent,7,Original Infrequent
0.12059552458498479,Familiar,Original,Infrequent,8,Original Infrequent
0.10665783913569868,Familiar,Original,Infrequent,9,Original Infrequent
0.11762074639771755,Familiar,Original,Infrequent,10,Original Infrequent
0.13348294585077042,Familiar,Original,Infrequent,11,Original Infrequent
0.18293475539647525,Familiar,Original,Infrequent,12,Original Infrequent
0.15892146110605232,Familiar,Original,Infrequent,13,Original Infrequent
0.17139269551091127,Familiar,Original,Infrequent,14,Original Infrequent
0.17440499126550568,Familiar,Original,Infrequent,15,Original Infrequent
0.2365676649715086,Familiar,Original,Infrequent,16,Original Infrequent
0.263537109469963,Familiar,Original,Infrequent,17,Original Infrequent
0.3715643091815796,Familiar,Original,Infrequent,18,Original Infrequent
0.4185789987868146,Familiar,Original,Infrequent,19,Original Infrequent
0.41579449712502414,Familiar,Original,Infrequent,20,Original Infrequent
0.4142362205721891,Familiar,Original,Infrequent,21,Original Infrequent
0.43699457570981437,Familiar,Original,Infrequent,22,Original Infrequent
0.4293099610198331,Familiar,Original,Infrequent,23,Original Infrequent
0.49459048002990247,Familiar,Original,Infrequent,24,Original Infrequent
0.4559311347304836,Familiar,Original,Infrequent,25,Original Infrequent
0.46532793319774823,Familiar,Original,Infrequent,26,Original Infrequent
0.4536582295811149,Familiar,Original,Infrequent,27,Original Infrequent
0.4611176336162426,Familiar,Original,Infrequent,28,Original Infrequent
0.4753757181349551,Familiar,Original,Infrequent,29,Original Infrequent
0.49747067707950543,Familiar,Original,Infrequent,30,Original Infrequent
0.5138206500864908,Familiar,Original,Infrequent,31,Original Infrequent
0.4806130795076734,Familiar,Original,Infrequent,32,Original Infrequent
0.44992749167593954,Familiar,Original,Infrequent,33,Original Infrequent
0.42871306393210995,Familiar,Original,Infrequent,34,Original Infrequent
0.4398554894347385,Familiar,Original,Infrequent,35,Original Infrequent
0.435118377567933,Familiar,Original,Infrequent,36,Original Infrequent
0.43204436938369795,Familiar,Original,Infrequent,37,Original Infrequent
0.4291837632064609,Familiar,Original,Infrequent,38,Original Infrequent
0.4719914978117329,Familiar,Original,Infrequent,39,Original Infrequent
0.4624373957210123,Familiar,Original,Infrequent,40,Original Infrequent
0.48270057487831813,Familiar,Original,Infrequent,41,Original Infrequent
0.48657381273029304,Familiar,Original,Infrequent,42,Original Infrequent
0.4774396801152593,Familiar,Original,Infrequent,43,Original Infrequent
0.518942841334568,Familiar,Original,Infrequent,44,Original Infrequent
0.5520172103450655,Familiar,Original,Infrequent,45,Original Infrequent
0.5693820980853501,Familiar,Original,Infrequent,46,Original Infrequent
0.5673772428040136,Familiar,Original,Infrequent,47,Original Infrequent
0.5724322597422724,Familiar,Original,Infrequent,48,Original Infrequent
0.5805113642735326,Familiar,Original,Infrequent,49,Original Infrequent
0.598712242657923,Familiar,Original,Infrequent,50,Original Infrequent
0.6120463080573615,Familiar,Original,Infrequent,51,Original Infrequent
0.5764923543200431,Familiar,Original,Infrequent,52,Original Infrequent
0.5814623649320174,Familiar,Original,Infrequent,53,Original Infrequent
0.5816197020413433,Familiar,Original,Infrequent,54,Original Infrequent
0.6113527641945453,Familiar,Original,Infrequent,55,Original Infrequent
0.5997507296977918,Familiar,Original,Infrequent,56,Original Infrequent
0.5991236341668942,Familiar,Original,Infrequent,57,Original Infrequent
0.5877180578454848,Familiar,Original,Infrequent,58,Original Infrequent
0.562428295648181,Familiar,Original,Infrequent,59,Original Infrequent
0.5134546843597622,Familiar,Original,Infrequent,60,Original Infrequent
0.5330183835821749,Familiar,Original,Infrequent,61,Original Infrequent
0.5801853790681729,Familiar,Original,Infrequent,62,Original Infrequent
0.5864166765667835,Familiar,Original,Infrequent,63,Original Infrequent
0.5609748092917001,Familiar,Original,Infrequent,64,Original Infrequent
0.5519635817566698,Familiar,Original,Infrequent,65,Original Infrequent
0.539683116466612,Familiar,Original,Infrequent,66,Original Infrequent
0.5597671779793638,Familiar,Original,Infrequent,67,Original Infrequent
0.5635876592081338,Familiar,Original,Infrequent,68,Original Infrequent
0.5618271372679041,Familiar,Original,Infrequent,69,Original Infrequent
0.5444013784055226,Familiar,Original,Infrequent,70,Original Infrequent
0.522855480130591,Familiar,Original,Infrequent,71,Original Infrequent
0.4976138110367646,Familiar,Original,Infrequent,72,Original Infrequent
0.4980967223399868,Familiar,Original,Infrequent,73,Original Infrequent
0.552819999246579,Familiar,Original,Infrequent,74,Original Infrequent
0.559166565834949,Familiar,Original,Infrequent,75,Original Infrequent
0.5496552248053301,Familiar,Original,Infrequent,76,Original Infrequent
0.5703167009236387,Familiar,Original,Infrequent,77,Original Infrequent
0.5583827318278628,Familiar,Original,Infrequent,78,Original Infrequent
0.5568315882280801,Familiar,Original,Infrequent,79,Original Infrequent
0.5529754950693796,Familiar,Original,Infrequent,80,Original Infrequent
0.5728346566984005,Familiar,Original,Infrequent,81,Original Infrequent
0.6443256867719516,Familiar,Original,Infrequent,82,Original Infrequent
0.6391627813122469,Familiar,Original,Infrequent,83,Original Infrequent
0.6405521169041667,Familiar,Original,Infrequent,84,Original Infrequent
0.6136356649877497,Familiar,Original,Infrequent,85,Original Infrequent
0.5604977836429218,Familiar,Original,Infrequent,86,Original Infrequent
0.5437014911800222,Familiar,Original,Infrequent,87,Original Infrequent
0.5336775421320367,Familiar,Original,Infrequent,88,Original Infrequent
0.5087444834372902,Familiar,Original,Infrequent,89,Original Infrequent
0.5123122112634724,Familiar,Original,Infrequent,90,Original Infrequent
0.5325249529493585,Familiar,Original,Infrequent,91,Original Infrequent
0.5027209960803289,Familiar,Original,Infrequent,92,Original Infrequent
0.5023140720602582,Familiar,Original,Infrequent,93,Original Infrequent
0.48787467919021943,Familiar,Original,Infrequent,94,Original Infrequent
0.5082936726363381,Familiar,Original,Infrequent,95,Original Infrequent
0.510687211174212,Familiar,Original,Infrequent,96,Original Infrequent
0.5133866610420139,Familiar,Original,Infrequent,97,Original Infrequent
0.5270273693327088,Familiar,Original,Infrequent,98,Original Infrequent
0.5913506911867958,Familiar,Original,Infrequent,99,Original Infrequent
0.5665958976995595,Familiar,Original,Infrequent,100,Original Infrequent
0.6012361956936736,Familiar,Original,Infrequent,101,Original Infrequent
0.6312304474599906,Familiar,Original,Infrequent,102,Original Infrequent
0.6458229819797208,Familiar,Original,Infrequent,103,Original Infrequent
0.6581761785211102,Familiar,Original,Infrequent,104,Original Infrequent
0.6711138325770565,Familiar,Original,Infrequent,105,Original Infrequent
0.6648598786688302,Familiar,Original,Infrequent,106,Original Infrequent
0.6884235781401732,Familiar,Original,Infrequent,107,Original Infrequent
0.6849573702132266,Familiar,Original,Infrequent,108,Original Infrequent
0.65456047002815,Familiar,Original,Infrequent,109,Original Infrequent
0.6490954984717574,Familiar,Original,Infrequent,110,Original Infrequent
0.6518217845453351,Familiar,Original,Infrequent,111,Original Infrequent
0.6652132278045713,Familiar,Original,Infrequent,112,Original Infrequent
0.6570507142174307,Familiar,Original,Infrequent,113,Original Infrequent
0.6517041314126871,Familiar,Original,Infrequent,114,Original Infrequent
0.6290384011247019,Familiar,Original,Infrequent,115,Original Infrequent
0.6414986300808394,Familiar,Original,Infrequent,116,Original Infrequent
0.6325491108959205,Familiar,Original,Infrequent,117,Original Infrequent
0.5815817558920399,Familiar,Original,Infrequent,118,Original Infrequent
0.5825000056729424,Familiar,Original,Infrequent,119,Original Infrequent
0.5743371853073485,Familiar,Original,Infrequent,120,Original Infrequent
0,Familiar,Novel,Infrequent,1,Novel Infrequent
-6e-4,Familiar,Novel,Infrequent,2,Novel Infrequent
-0.002766,Familiar,Novel,Infrequent,3,Novel Infrequent
0.07573513999999999,Familiar,Novel,Infrequent,4,Novel Infrequent
0.11169315599999999,Familiar,Novel,Infrequent,5,Novel Infrequent
0.11736724016,Familiar,Novel,Infrequent,6,Novel Infrequent
0.10882111199048,Familiar,Novel,Infrequent,7,Novel Infrequent
0.12059552458498479,Familiar,Novel,Infrequent,8,Novel Infrequent
0.10305783913569869,Familiar,Novel,Infrequent,9,Novel Infrequent
0.11402074639771756,Familiar,Novel,Infrequent,10,Novel Infrequent
0.12988294585077043,Familiar,Novel,Infrequent,11,Novel Infrequent
0.11933475539647524,Familiar,Novel,Infrequent,12,Novel Infrequent
0.09532146110605233,Familiar,Novel,Infrequent,13,Novel Infrequent
0.10067810577011127,Familiar,Novel,Infrequent,14,Novel Infrequent
0.10369040152470568,Familiar,Novel,Infrequent,15,Novel Infrequent
0.11097378437053451,Familiar,Novel,Infrequent,16,Novel Infrequent
0.09164897182403571,Familiar,Novel,Infrequent,17,Novel Infrequent
0.15770370441599962,Familiar,Novel,Infrequent,18,Novel Infrequent
0.17624684270505736,Familiar,Novel,Infrequent,19,Novel Infrequent
0.17571463076120591,Familiar,Novel,Infrequent,20,Novel Infrequent
0.1667393515787432,Familiar,Novel,Infrequent,21,Novel Infrequent
0.15871750648473737,Familiar,Novel,Infrequent,22,Novel Infrequent
0.1510328917947561,Familiar,Novel,Infrequent,23,Novel Infrequent
0.19294429919397107,Familiar,Novel,Infrequent,24,Novel Infrequent
0.20187416274834463,Familiar,Novel,Infrequent,25,Novel Infrequent
0.1958987588056045,Familiar,Novel,Infrequent,26,Novel Infrequent
0.18774023686310182,Familiar,Novel,Infrequent,27,Novel Infrequent
0.17121818352181906,Familiar,Novel,Infrequent,28,Novel Infrequent
0.18547626804053158,Familiar,Novel,Infrequent,29,Novel Infrequent
0.20020799736020545,Familiar,Novel,Infrequent,30,Novel Infrequent
0.21655797036719085,Familiar,Novel,Infrequent,31,Novel Infrequent
0.19879516175315542,Familiar,Novel,Infrequent,32,Novel Infrequent
0.19244442310676196,Familiar,Novel,Infrequent,33,Novel Infrequent
0.1872026525151373,Familiar,Novel,Infrequent,34,Novel Infrequent
0.19658789684148936,Familiar,Novel,Infrequent,35,Novel Infrequent
0.20149134286582315,Familiar,Novel,Infrequent,36,Novel Infrequent
0.19841733468158812,Familiar,Novel,Infrequent,37,Novel Infrequent
0.20189143553551675,Familiar,Novel,Infrequent,38,Novel Infrequent
0.24413492236057632,Familiar,Novel,Infrequent,39,Novel Infrequent
0.2432495117512512,Familiar,Novel,Infrequent,40,Novel Infrequent
0.23428743679830938,Familiar,Novel,Infrequent,41,Novel Infrequent
0.23717287942509196,Familiar,Novel,Infrequent,42,Novel Infrequent
0.23677876188782787,Familiar,Novel,Infrequent,43,Novel Infrequent
0.23463542377013766,Familiar,Novel,Infrequent,44,Novel Infrequent
0.23395809531668907,Familiar,Novel,Infrequent,45,Novel Infrequent
0.25200105793116834,Familiar,Novel,Infrequent,46,Novel Infrequent
0.2499962026498318,Familiar,Novel,Infrequent,47,Novel Infrequent
0.2601644323144161,Familiar,Novel,Infrequent,48,Novel Infrequent
0.27182278575410407,Familiar,Novel,Infrequent,49,Novel Infrequent
0.29011295851185104,Familiar,Novel,Infrequent,50,Novel Infrequent
0.3059391039911856,Familiar,Novel,Infrequent,51,Novel Infrequent
0.2934992383649423,Familiar,Novel,Infrequent,52,Novel Infrequent
0.2984692489769165,Familiar,Novel,Infrequent,53,Novel Infrequent
0.2986265860862424,Familiar,Novel,Infrequent,54,Novel Infrequent
0.2906183437103023,Familiar,Novel,Infrequent,55,Novel Infrequent
0.3007640916460419,Familiar,Novel,Infrequent,56,Novel Infrequent
0.3010812164379761,Familiar,Novel,Infrequent,57,Novel Infrequent
0.3073161233841931,Familiar,Novel,Infrequent,58,Novel Infrequent
0.27313677056252905,Familiar,Novel,Infrequent,59,Novel Infrequent
0.23061416960387196,Familiar,Novel,Infrequent,60,Novel Infrequent
0.22413993083861278,Familiar,Novel,Infrequent,61,Novel Infrequent
0.2713069263246108,Familiar,Novel,Infrequent,62,Novel Infrequent
0.28008737082336943,Familiar,Novel,Infrequent,63,Novel Infrequent
0.2526838787289618,Familiar,Novel,Infrequent,64,Novel Infrequent
0.2559511720347344,Familiar,Novel,Infrequent,65,Novel Infrequent
0.2428093738779633,Familiar,Novel,Infrequent,66,Novel Infrequent
0.24283870586994355,Familiar,Novel,Infrequent,67,Novel Infrequent
0.24665918709871346,Familiar,Novel,Infrequent,68,Novel Infrequent
0.2448986651584838,Familiar,Novel,Infrequent,69,Novel Infrequent
0.23996888443449477,Familiar,Novel,Infrequent,70,Novel Infrequent
0.23697512679518257,Familiar,Novel,Infrequent,71,Novel Infrequent
0.2344732139295589,Familiar,Novel,Infrequent,72,Novel Infrequent
0.23698942053334948,Familiar,Novel,Infrequent,73,Novel Infrequent
0.251835643203967,Familiar,Novel,Infrequent,74,Novel Infrequent
0.2326230067877622,Familiar,Novel,Infrequent,75,Novel Infrequent
0.22156099436518717,Familiar,Novel,Infrequent,76,Novel Infrequent
0.24104396022484906,Familiar,Novel,Infrequent,77,Novel Infrequent
0.22910999112907318,Familiar,Novel,Infrequent,78,Novel Infrequent
0.22755884752929048,Familiar,Novel,Infrequent,79,Novel Infrequent
0.2268344748842673,Familiar,Novel,Infrequent,80,Novel Infrequent
0.22241015827089222,Familiar,Novel,Infrequent,81,Novel Infrequent
0.23802193814756992,Familiar,Novel,Infrequent,82,Novel Infrequent
0.23285903268786529,Familiar,Novel,Infrequent,83,Novel Infrequent
0.2400008757726952,Familiar,Novel,Infrequent,84,Novel Infrequent
0.21758869483601861,Familiar,Novel,Infrequent,85,Novel Infrequent
0.19111604488464326,Familiar,Novel,Infrequent,86,Novel Infrequent
0.1743197524217437,Familiar,Novel,Infrequent,87,Novel Infrequent
0.1710551846174686,Familiar,Novel,Infrequent,88,Novel Infrequent
0.16748977194514228,Familiar,Novel,Infrequent,89,Novel Infrequent
0.16151572722000135,Familiar,Novel,Infrequent,90,Novel Infrequent
0.1666725911060712,Familiar,Novel,Infrequent,91,Novel Infrequent
0.14795108737936322,Familiar,Novel,Infrequent,92,Novel Infrequent
0.14902378426584895,Familiar,Novel,Infrequent,93,Novel Infrequent
0.15711643261403585,Familiar,Novel,Infrequent,94,Novel Infrequent
0.17863538816920446,Familiar,Novel,Infrequent,95,Novel Infrequent
0.1608010956616026,Familiar,Novel,Infrequent,96,Novel Infrequent
0.15944694384403182,Familiar,Novel,Infrequent,97,Novel Infrequent
0.17308765213472663,Familiar,Novel,Infrequent,98,Novel Infrequent
0.2131634588439435,Familiar,Novel,Infrequent,99,Novel Infrequent
0.2172850729844987,Familiar,Novel,Infrequent,100,Novel Infrequent
0.2519253709786128,Familiar,Novel,Infrequent,101,Novel Infrequent
0.26358550772395706,Familiar,Novel,Infrequent,102,Novel Infrequent
0.26083083541704677,Familiar,Novel,Infrequent,103,Novel Infrequent
0.28272515741986415,Familiar,Novel,Infrequent,104,Novel Infrequent
0.2782602659480339,Familiar,Novel,Infrequent,105,Novel Infrequent
0.2869984538841198,Familiar,Novel,Infrequent,106,Novel Infrequent
0.3093270173599735,Familiar,Novel,Infrequent,107,Novel Infrequent
0.30586080943302685,Familiar,Novel,Infrequent,108,Novel Infrequent
0.27811682951852074,Familiar,Novel,Infrequent,109,Novel Infrequent
0.2726518579621281,Familiar,Novel,Infrequent,110,Novel Infrequent
0.2782989066314537,Familiar,Novel,Infrequent,111,Novel Infrequent
0.26954841190409407,Familiar,Novel,Infrequent,112,Novel Infrequent
0.2682802606563839,Familiar,Novel,Infrequent,113,Novel Infrequent
0.2646142345300464,Familiar,Novel,Infrequent,114,Novel Infrequent
0.2649274364370956,Familiar,Novel,Infrequent,115,Novel Infrequent
0.2593243151676977,Familiar,Novel,Infrequent,116,Novel Infrequent
0.2582359705644579,Familiar,Novel,Infrequent,117,Novel Infrequent
0.25411984693285145,Familiar,Novel,Infrequent,118,Novel Infrequent
0.255038096713754,Familiar,Novel,Infrequent,119,Novel Infrequent
0.24883796940615968,Familiar,Novel,Infrequent,120,Novel Infrequent
0,Novel,Original,Infrequent,1,Original Infrequent
0,Novel,Original,Infrequent,2,Original Infrequent
-0.0012,Novel,Original,Infrequent,3,Original Infrequent
0.056052,Novel,Original,Infrequent,4,Original Infrequent
0.056052,Novel,Original,Infrequent,5,Original Infrequent
0.056052,Novel,Original,Infrequent,6,Original Infrequent
0.056052,Novel,Original,Infrequent,7,Original Infrequent
0.056052,Novel,Original,Infrequent,8,Original Infrequent
0.056052,Novel,Original,Infrequent,9,Original Infrequent
0.0580930800872768,Novel,Original,Infrequent,10,Original Infrequent
0.0580930800872768,Novel,Original,Infrequent,11,Original Infrequent
0.11532290300411012,Novel,Original,Infrequent,12,Original Infrequent
0.12271125710469963,Novel,Original,Infrequent,13,Original Infrequent
0.12373925710469962,Novel,Original,Infrequent,14,Original Infrequent
0.11868615071050112,Novel,Original,Infrequent,15,Original Infrequent
0.17059055231050113,Novel,Original,Infrequent,16,Original Infrequent
0.20475474968650115,Novel,Original,Infrequent,17,Original Infrequent
0.2902084427245788,Novel,Original,Infrequent,18,Original Infrequent
0.30927640474671,Novel,Original,Infrequent,19,Original Infrequent
0.3056181153301596,Novel,Original,Infrequent,20,Original Infrequent
0.30627987594915046,Novel,Original,Infrequent,21,Original Infrequent
0.33935606593025824,Novel,Original,Infrequent,22,Original Infrequent
0.33935606593025824,Novel,Original,Infrequent,23,Original Infrequent
0.4037076909631103,Novel,Original,Infrequent,24,Original Infrequent
0.35298174415527134,Novel,Original,Infrequent,25,Original Infrequent
0.3683539465652761,Novel,Original,Infrequent,26,Original Infrequent
0.3683539465652761,Novel,Original,Infrequent,27,Original Infrequent
0.3911354039416865,Novel,Original,Infrequent,28,Original Infrequent
0.4019916258455679,Novel,Original,Infrequent,29,Original Infrequent
0.4245464149672987,Novel,Original,Infrequent,30,Original Infrequent
0.42738096858061886,Novel,Original,Infrequent,31,Original Infrequent
0.4052887861991186,Novel,Original,Infrequent,32,Original Infrequent
0.3689206600188719,Novel,Original,Infrequent,33,Original Infrequent
0.3548751004052704,Novel,Original,Infrequent,34,Original Infrequent
0.3535057488431292,Novel,Original,Infrequent,35,Original Infrequent
0.34386519095198986,Novel,Original,Infrequent,36,Original Infrequent
0.3545264545468569,Novel,Original,Infrequent,37,Original Infrequent
0.3545264545468569,Novel,Original,Infrequent,38,Original Infrequent
0.3680120137180645,Novel,Original,Infrequent,39,Original Infrequent
0.35980455133616135,Novel,Original,Infrequent,40,Original Infrequent
0.39337952064515885,Novel,Original,Infrequent,41,Original Infrequent
0.389639499470233,Novel,Original,Infrequent,42,Original Infrequent
0.389418637538309,Novel,Original,Infrequent,43,Original Infrequent
0.43246270906658707,Novel,Original,Infrequent,44,Original Infrequent
0.4671327381566098,Novel,Original,Infrequent,45,Original Infrequent
0.4897758254611484,Novel,Original,Infrequent,46,Original Infrequent
0.5066920950555301,Novel,Original,Infrequent,47,Original Infrequent
0.5066920950555301,Novel,Original,Infrequent,48,Original Infrequent
0.5066920950555301,Novel,Original,Infrequent,49,Original Infrequent
0.4990546424987526,Novel,Original,Infrequent,50,Original Infrequent
0.4990546424987526,Novel,Original,Infrequent,51,Original Infrequent
0.47634117010757454,Novel,Original,Infrequent,52,Original Infrequent
0.47634117010757454,Novel,Original,Infrequent,53,Original Infrequent
0.47634117010757454,Novel,Original,Infrequent,54,Original Infrequent
0.512337148127796,Novel,Original,Infrequent,55,Original Infrequent
0.4866273766462753,Novel,Original,Infrequent,56,Original Infrequent
0.4853878245179652,Novel,Original,Infrequent,57,Original Infrequent
0.46817106980262313,Novel,Original,Infrequent,58,Original Infrequent
0.44359172619526654,Novel,Original,Infrequent,59,Original Infrequent
0.4076241039403184,Novel,Original,Infrequent,60,Original Infrequent
0.41918337704692527,Novel,Original,Infrequent,61,Original Infrequent
0.44830745435035396,Novel,Original,Infrequent,62,Original Infrequent
0.4392219575029658,Novel,Original,Infrequent,63,Original Infrequent
0.4164600026336082,Novel,Original,Infrequent,64,Original Infrequent
0.4024229392059979,Novel,Original,Infrequent,65,Original Infrequent
0.3820865536179578,Novel,Original,Infrequent,66,Original Infrequent
0.40236260508434024,Novel,Original,Infrequent,67,Original Infrequent
0.3979278939190178,Novel,Original,Infrequent,68,Original Infrequent
0.3913695381696418,Novel,Original,Infrequent,69,Original Infrequent
0.3771429874853439,Novel,Original,Infrequent,70,Original Infrequent
0.35859084684972464,Novel,Original,Infrequent,71,Original Infrequent
0.33754390998241135,Novel,Original,Infrequent,72,Original Infrequent
0.3357298247536547,Novel,Original,Infrequent,73,Original Infrequent
0.3770911845590443,Novel,Original,Infrequent,74,Original Infrequent
0.4031332896877657,Novel,Original,Infrequent,75,Original Infrequent
0.4016188626854836,Novel,Original,Infrequent,76,Original Infrequent
0.4320768452197327,Novel,Original,Infrequent,77,Original Infrequent
0.4320768452197327,Novel,Original,Infrequent,78,Original Infrequent
0.4320768452197327,Novel,Original,Infrequent,79,Original Infrequent
0.4277880077017716,Novel,Original,Infrequent,80,Original Infrequent
0.45569058126967177,Novel,Original,Infrequent,81,Original Infrequent
0.5071194102759192,Novel,Original,Infrequent,82,Original Infrequent
0.4922138134994495,Novel,Original,Infrequent,83,Original Infrequent
0.49274675027820203,Novel,Original,Infrequent,84,Original Infrequent
0.47699916132315745,Novel,Original,Infrequent,85,Original Infrequent
0.4392754262468296,Novel,Original,Infrequent,86,Original Infrequent
0.4241094400429206,Novel,Original,Infrequent,87,Original Infrequent
0.41946737920778127,Novel,Original,Infrequent,88,Original Infrequent
0.4114569468703519,Novel,Original,Infrequent,89,Original Infrequent
0.4235281673051475,Novel,Original,Infrequent,90,Original Infrequent
0.4403203568103854,Novel,Original,Infrequent,91,Original Infrequent
0.4234234278686464,Novel,Original,Infrequent,92,Original Infrequent
0.42374782643337683,Novel,Original,Infrequent,93,Original Infrequent
0.4012157852151511,Novel,Original,Infrequent,94,Original Infrequent
0.40114310758079885,Novel,Original,Infrequent,95,Original Infrequent
0.40974330039100987,Novel,Original,Infrequent,96,Original Infrequent
0.409701321789408,Novel,Original,Infrequent,97,Original Infrequent
0.409701321789408,Novel,Original,Infrequent,98,Original Infrequent
0.48117967655685656,Novel,Original,Infrequent,99,Original Infrequent
0.48166576861787797,Novel,Original,Infrequent,100,Original Infrequent
0.5087050378972545,Novel,Original,Infrequent,101,Original Infrequent
0.5291792323819323,Novel,Original,Infrequent,102,Original Infrequent
0.5465117191611444,Novel,Original,Infrequent,103,Original Infrequent
0.5409454145428918,Novel,Original,Infrequent,104,Original Infrequent
0.5544782253041682,Novel,Original,Infrequent,105,Original Infrequent
0.5425681784844679,Novel,Original,Infrequent,106,Original Infrequent
0.5611951682691493,Novel,Original,Infrequent,107,Original Infrequent
0.5535449703659682,Novel,Original,Infrequent,108,Original Infrequent
0.5333076320088945,Novel,Original,Infrequent,109,Original Infrequent
0.5331309470745207,Novel,Original,Infrequent,110,Original Infrequent
0.5331309470745207,Novel,Original,Infrequent,111,Original Infrequent
0.5472790969636911,Novel,Original,Infrequent,112,Original Infrequent
0.5426868670604335,Novel,Original,Infrequent,113,Original Infrequent
0.5491577554208673,Novel,Original,Infrequent,114,Original Infrequent
0.5057879265392031,Novel,Original,Infrequent,115,Original Infrequent
0.5171924605227567,Novel,Original,Infrequent,116,Original Infrequent
0.5093312859410776,Novel,Original,Infrequent,117,Original Infrequent
0.46373387487603596,Novel,Original,Infrequent,118,Original Infrequent
0.4740120716235996,Novel,Original,Infrequent,119,Original Infrequent
0.4738348786316257,Novel,Original,Infrequent,120,Original Infrequent
0,Novel,Novel,Infrequent,1,Novel Infrequent
0,Novel,Novel,Infrequent,2,Novel Infrequent
-0.0012,Novel,Novel,Infrequent,3,Novel Infrequent
0.056052,Novel,Novel,Infrequent,4,Novel Infrequent
0.056052,Novel,Novel,Infrequent,5,Novel Infrequent
0.056052,Novel,Novel,Infrequent,6,Novel Infrequent
0.056052,Novel,Novel,Infrequent,7,Novel Infrequent
0.056052,Novel,Novel,Infrequent,8,Novel Infrequent
0.052452,Novel,Novel,Infrequent,9,Novel Infrequent
0.0544930800872768,Novel,Novel,Infrequent,10,Novel Infrequent
0.0544930800872768,Novel,Novel,Infrequent,11,Novel Infrequent
0.05172290300411013,Novel,Novel,Infrequent,12,Novel Infrequent
0.059111257104699624,Novel,Novel,Infrequent,13,Novel Infrequent
0.053024667363899616,Novel,Novel,Infrequent,14,Novel Infrequent
0.047971560969701135,Novel,Novel,Infrequent,15,Novel Infrequent
0.04499667170952705,Novel,Novel,Infrequent,16,Novel Infrequent
0.03286661204057387,Novel,Novel,Infrequent,17,Novel Infrequent
0.07634783795899883,Novel,Novel,Infrequent,18,Novel Infrequent
0.06694424866495272,Novel,Novel,Infrequent,19,Novel Infrequent
0.06553824896634139,Novel,Novel,Infrequent,20,Novel Infrequent
0.05878300695570454,Novel,Novel,Infrequent,21,Novel Infrequent
0.061078996705181215,Novel,Novel,Infrequent,22,Novel Infrequent
0.061078996705181215,Novel,Novel,Infrequent,23,Novel Infrequent
0.10206151012717896,Novel,Novel,Infrequent,24,Novel Infrequent
0.09892477217313238,Novel,Novel,Infrequent,25,Novel Infrequent
0.09892477217313238,Novel,Novel,Infrequent,26,Novel Infrequent
0.10243595384726299,Novel,Novel,Infrequent,27,Novel Infrequent
0.10123595384726299,Novel,Novel,Infrequent,28,Novel Infrequent
0.11209217575114441,Novel,Novel,Infrequent,29,Novel Infrequent
0.12728373524799869,Novel,Novel,Infrequent,30,Novel Infrequent
0.13011828886131888,Novel,Novel,Infrequent,31,Novel Infrequent
0.1234708684446006,Novel,Novel,Infrequent,32,Novel Infrequent
0.11143759144969435,Novel,Novel,Infrequent,33,Novel Infrequent
0.11336468898829777,Novel,Novel,Infrequent,34,Novel Infrequent
0.11023815624988005,Novel,Novel,Infrequent,35,Novel Infrequent
0.11023815624988005,Novel,Novel,Infrequent,36,Novel Infrequent
0.12089941984474703,Novel,Novel,Infrequent,37,Novel Infrequent
0.12723412687591268,Novel,Novel,Infrequent,38,Novel Infrequent
0.1401554382669079,Novel,Novel,Infrequent,39,Novel Infrequent
0.14061666736640024,Novel,Novel,Infrequent,40,Novel Infrequent
0.1449663825651501,Novel,Novel,Infrequent,41,Novel Infrequent
0.1402385661650319,Novel,Novel,Infrequent,42,Novel Infrequent
0.1487577193108776,Novel,Novel,Infrequent,43,Novel Infrequent
0.14815529150215673,Novel,Novel,Infrequent,44,Novel Infrequent
0.1490736231282334,Novel,Novel,Infrequent,45,Novel Infrequent
0.17239478530696667,Novel,Novel,Infrequent,46,Novel Infrequent
0.18931105490134847,Novel,Novel,Infrequent,47,Novel Infrequent
0.19442426762767392,Novel,Novel,Infrequent,48,Novel Infrequent
0.1980035165361017,Novel,Novel,Infrequent,49,Novel Infrequent
0.1904553583526807,Novel,Novel,Infrequent,50,Novel Infrequent
0.19294743843257667,Novel,Novel,Infrequent,51,Novel Infrequent
0.19334805415247366,Novel,Novel,Infrequent,52,Novel Infrequent
0.19334805415247366,Novel,Novel,Infrequent,53,Novel Infrequent
0.19334805415247366,Novel,Novel,Infrequent,54,Novel Infrequent
0.191602727643553,Novel,Novel,Infrequent,55,Novel Infrequent
0.18764073859452535,Novel,Novel,Infrequent,56,Novel Infrequent
0.18734540678904704,Novel,Novel,Infrequent,57,Novel Infrequent
0.18776913534133144,Novel,Novel,Infrequent,58,Novel Infrequent
0.15430020110961457,Novel,Novel,Infrequent,59,Novel Infrequent
0.12478358918442822,Novel,Novel,Infrequent,60,Novel Infrequent
0.11030492430336312,Novel,Novel,Infrequent,61,Novel Infrequent
0.1394290016067918,Novel,Novel,Infrequent,62,Novel Infrequent
0.13289265175955176,Novel,Novel,Infrequent,63,Novel Infrequent
0.10816907207086998,Novel,Novel,Infrequent,64,Novel Infrequent
0.10641052948406247,Novel,Novel,Infrequent,65,Novel Infrequent
0.08521281102930903,Novel,Novel,Infrequent,66,Novel Infrequent
0.08543413297491995,Novel,Novel,Infrequent,67,Novel Infrequent
0.08099942180959746,Novel,Novel,Infrequent,68,Novel Infrequent
0.07444106606022151,Novel,Novel,Infrequent,69,Novel Infrequent
0.07271049351431616,Novel,Novel,Infrequent,70,Novel Infrequent
0.07271049351431616,Novel,Novel,Infrequent,71,Novel Infrequent
0.07440331287520562,Novel,Novel,Infrequent,72,Novel Infrequent
0.07462252294701738,Novel,Novel,Infrequent,73,Novel Infrequent
0.07610682851643234,Novel,Novel,Infrequent,74,Novel Infrequent
0.07658973064057902,Novel,Novel,Infrequent,75,Novel Infrequent
0.07352463224534067,Novel,Novel,Infrequent,76,Novel Infrequent
0.10280410452094312,Novel,Novel,Infrequent,77,Novel Infrequent
0.10280410452094312,Novel,Novel,Infrequent,78,Novel Infrequent
0.10280410452094312,Novel,Novel,Infrequent,79,Novel Infrequent
0.10164698751665933,Novel,Novel,Infrequent,80,Novel Infrequent
0.1052660828421635,Novel,Novel,Infrequent,81,Novel Infrequent
0.10081566165153755,Novel,Novel,Infrequent,82,Novel Infrequent
0.08591006487506782,Novel,Novel,Infrequent,83,Novel Infrequent
0.09219550914673054,Novel,Novel,Infrequent,84,Novel Infrequent
0.08095219117142637,Novel,Novel,Infrequent,85,Novel Infrequent
0.06989368748855102,Novel,Novel,Infrequent,86,Novel Infrequent
0.05472770128464208,Novel,Novel,Infrequent,87,Novel Infrequent
0.056845021693213246,Novel,Novel,Infrequent,88,Novel Infrequent
0.07020223537820403,Novel,Novel,Infrequent,89,Novel Infrequent
0.07273168326167638,Novel,Novel,Infrequent,90,Novel Infrequent
0.07446799496709801,Novel,Novel,Infrequent,91,Novel Infrequent
0.06865351916768066,Novel,Novel,Infrequent,92,Novel Infrequent
0.07045753863896752,Novel,Novel,Infrequent,93,Novel Infrequent
0.07045753863896752,Novel,Novel,Infrequent,94,Novel Infrequent
0.07148482311366525,Novel,Novel,Infrequent,95,Novel Infrequent
0.05985718487840049,Novel,Novel,Infrequent,96,Novel Infrequent
0.05576160459142589,Novel,Novel,Infrequent,97,Novel Infrequent
0.05576160459142589,Novel,Novel,Infrequent,98,Novel Infrequent
0.10299244421400415,Novel,Novel,Infrequent,99,Novel Infrequent
0.1323549439028171,Novel,Novel,Infrequent,100,Novel Infrequent
0.1593942131821937,Novel,Novel,Infrequent,101,Novel Infrequent
0.16153429264589883,Novel,Novel,Infrequent,102,Novel Infrequent
0.16151957259847044,Novel,Novel,Infrequent,103,Novel Infrequent
0.16549439344164574,Novel,Novel,Infrequent,104,Novel Infrequent
0.16162465867514558,Novel,Novel,Infrequent,105,Novel Infrequent
0.1647067536997576,Novel,Novel,Infrequent,106,Novel Infrequent
0.18209860748894957,Novel,Novel,Infrequent,107,Novel Infrequent
0.1744484095857684,Novel,Novel,Infrequent,108,Novel Infrequent
0.15686399149926528,Novel,Novel,Infrequent,109,Novel Infrequent
0.1566873065648914,Novel,Novel,Infrequent,110,Novel Infrequent
0.1596080691606393,Novel,Novel,Infrequent,111,Novel Infrequent
0.151614281063214,Novel,Novel,Infrequent,112,Novel Infrequent
0.15391641349938662,Novel,Novel,Infrequent,113,Novel Infrequent
0.16206785853822647,Novel,Novel,Infrequent,114,Novel Infrequent
0.14167696185159676,Novel,Novel,Infrequent,115,Novel Infrequent
0.13501814560961503,Novel,Novel,Infrequent,116,Novel Infrequent
0.13501814560961503,Novel,Novel,Infrequent,117,Novel Infrequent
0.13627196591684754,Novel,Novel,Infrequent,118,Novel Infrequent
0.1465501626644112,Novel,Novel,Infrequent,119,Novel Infrequent
0.148335662730437,Novel,Novel,Infrequent,120,Novel Infrequent
