participant,date,condition,pretraining,age,native_lang,other_langs,prod_stem,prod_suffix,prod_condition,prod_resp
59911,2024-10-08,3,NA,,,,pil,dim_pl,novel,"pilsil
"
59911,2024-10-08,3,NA,,,,shinder,dim_pl,novel,"shindersil
"
59911,2024-10-08,3,NA,,,,shinti,dim_pl,novel,"shintisil
"
59911,2024-10-08,3,NA,,,,kora,dim_pl,familiar,"korasil
"
59911,2024-10-08,3,NA,,,,berko,dim_pl,familiar,"berkosil
"
59911,2024-10-08,3,NA,,,,bal,dim_pl,familiar,"balsil
"
59911,2024-10-08,3,NA,,,,shinder,dim_pl,novel,"shindersil
"
59911,2024-10-08,3,NA,,,,shinti,dim_pl,novel,"shintisil
"
59911,2024-10-08,3,NA,,,,pil,dim_pl,novel,"pilsil
"
59911,2024-10-08,3,NA,,,,kora,dim_pl,familiar,"KORASIL
"
59911,2024-10-08,3,NA,,,,bal,dim_pl,familiar,ballsil
59911,2024-10-08,3,NA,,,,berko,dim_pl,familiar,"berkosil
"
55202,2024-10-08,2,NA,,,,berko,dim_pl,familiar,berkoshoon
55202,2024-10-08,2,NA,,,,kora,dim_pl,familiar,korasil
55202,2024-10-08,2,NA,,,,bal,dim_pl,familiar,balsil
55202,2024-10-08,2,NA,,,,shinti,dim_pl,novel,shintishoon
55202,2024-10-08,2,NA,,,,pil,dim_pl,novel,pilshoon
55202,2024-10-08,2,NA,,,,shinder,dim_pl,novel,shintershoon
55202,2024-10-08,2,NA,,,,bal,dim_pl,familiar,balsil
55202,2024-10-08,2,NA,,,,shinti,dim_pl,novel,shintishoon
55202,2024-10-08,2,NA,,,,pil,dim_pl,novel,pilshoon
55202,2024-10-08,2,NA,,,,berko,dim_pl,familiar,berkoshoon
55202,2024-10-08,2,NA,,,,shinder,dim_pl,novel,shindershoon
55202,2024-10-08,2,NA,,,,kora,dim_pl,familiar,korashoon
59912,2024-10-08,2,NA,,,,shinti,dim_pl,novel,shintisil
59912,2024-10-08,2,NA,,,,bal,dim_pl,familiar,balsil
59912,2024-10-08,2,NA,,,,shinder,dim_pl,novel,shindersil
59912,2024-10-08,2,NA,,,,pil,dim_pl,novel,pilsil
59912,2024-10-08,2,NA,,,,kora,dim_pl,familiar,korasil
59912,2024-10-08,2,NA,,,,berko,dim_pl,familiar,berkosil
59912,2024-10-08,2,NA,,,,bal,dim_pl,familiar,balsil
59912,2024-10-08,2,NA,,,,berko,dim_pl,familiar,berkosil
59912,2024-10-08,2,NA,,,,kora,dim_pl,familiar,korasil
59912,2024-10-08,2,NA,,,,shinti,dim_pl,novel,shintisil
59912,2024-10-08,2,NA,,,,shinder,dim_pl,novel,shindersil
59912,2024-10-08,2,NA,,,,pil,dim_pl,novel,pilsil
59819,2024-10-08,1,NA,,,,shinder,dim_pl,novel,"shinder
"
59819,2024-10-08,1,NA,,,,pil,dim_pl,novel,"pil
"
59819,2024-10-08,1,NA,,,,kora,dim_pl,familiar,"korason
"
59819,2024-10-08,1,NA,,,,bal,dim_pl,familiar,"bal
"
59819,2024-10-08,1,NA,,,,berko,dim_pl,familiar,"berkosan
"
59819,2024-10-08,1,NA,,,,shinti,dim_pl,novel,"shinto
"
59819,2024-10-08,1,NA,,,,berko,dim_pl,familiar,"berkasol
"
59819,2024-10-08,1,NA,,,,bal,dim_pl,familiar,"Shinto
"
59819,2024-10-08,1,NA,,,,kora,dim_pl,familiar,"korasan
"
59819,2024-10-08,1,NA,,,,pil,dim_pl,novel,"pilis
"
59819,2024-10-08,1,NA,,,,shinti,dim_pl,novel,"Shinto
"
59819,2024-10-08,1,NA,,,,shinder,dim_pl,novel,"shinder
"
59913,2024-10-08,6,NA,,,,bal,dim_pl,familiar,"

"
59913,2024-10-08,6,NA,,,,pil,dim_pl,novel,"

"
59913,2024-10-08,6,NA,,,,kora,dim_pl,familiar,"

"
59913,2024-10-08,6,NA,,,,berko,dim_pl,familiar,"

"
59913,2024-10-08,6,NA,,,,shinti,dim_pl,novel,"

"
59913,2024-10-08,6,NA,,,,shinder,dim_pl,novel,"

"
59913,2024-10-08,6,NA,,,,berko,dim_pl,familiar,"

"
59913,2024-10-08,6,NA,,,,shinder,dim_pl,novel,"

"
59913,2024-10-08,6,NA,,,,kora,dim_pl,familiar,"

"
59913,2024-10-08,6,NA,,,,bal,dim_pl,familiar,"

"
59913,2024-10-08,6,NA,,,,pil,dim_pl,novel,"

"
59913,2024-10-08,6,NA,,,,shinti,dim_pl,novel,"

"
59897,2024-10-09,2,NA,,,,shinder,dim_pl,novel,
59897,2024-10-09,2,NA,,,,shinti,dim_pl,novel,dan
59897,2024-10-09,2,NA,,,,berko,dim_pl,familiar,dan
59897,2024-10-09,2,NA,,,,bal,dim_pl,familiar,dan
59897,2024-10-09,2,NA,,,,pil,dim_pl,novel,dan
59897,2024-10-09,2,NA,,,,kora,dim_pl,familiar,dan
59897,2024-10-09,2,NA,,,,berko,dim_pl,familiar,dan
59897,2024-10-09,2,NA,,,,pil,dim_pl,novel,dan
59897,2024-10-09,2,NA,,,,shinti,dim_pl,novel,dan
59897,2024-10-09,2,NA,,,,shinder,dim_pl,novel,dan
59897,2024-10-09,2,NA,,,,bal,dim_pl,familiar,dan
59897,2024-10-09,2,NA,,,,kora,dim_pl,familiar,dan
59915,2024-10-09,6,NA,,,,shinder,dim_pl,novel,shinder
59915,2024-10-09,6,NA,,,,berko,dim_pl,familiar,berko
59915,2024-10-09,6,NA,,,,bal,dim_pl,familiar,bal
59915,2024-10-09,6,NA,,,,pil,dim_pl,novel,pil
59915,2024-10-09,6,NA,,,,shinti,dim_pl,novel,shinti
59915,2024-10-09,6,NA,,,,kora,dim_pl,familiar,kora
59915,2024-10-09,6,NA,,,,pil,dim_pl,novel,pil
59915,2024-10-09,6,NA,,,,kora,dim_pl,familiar,kora
59915,2024-10-09,6,NA,,,,shinti,dim_pl,novel,shinti
59915,2024-10-09,6,NA,,,,berko,dim_pl,familiar,berkomna
59915,2024-10-09,6,NA,,,,shinder,dim_pl,novel,shinti
59915,2024-10-09,6,NA,,,,bal,dim_pl,familiar,balnomon
59795,2024-10-09,6,NA,,,,kora,dim_pl,familiar,kora
59795,2024-10-09,6,NA,,,,pil,dim_pl,novel,pilnem
59795,2024-10-09,6,NA,,,,berko,dim_pl,familiar,berkodan
59795,2024-10-09,6,NA,,,,bal,dim_pl,familiar,balsil
59795,2024-10-09,6,NA,,,,shinti,dim_pl,novel,shinti
59795,2024-10-09,6,NA,,,,shinder,dim_pl,novel,shinder
59795,2024-10-09,6,NA,,,,pil,dim_pl,novel,pil
59795,2024-10-09,6,NA,,,,shinti,dim_pl,novel,shinti
59795,2024-10-09,6,NA,,,,kora,dim_pl,familiar,
59795,2024-10-09,6,NA,,,,shinder,dim_pl,novel,shinder
59795,2024-10-09,6,NA,,,,berko,dim_pl,familiar,berkosil
59795,2024-10-09,6,NA,,,,bal,dim_pl,familiar,balsil
59837,2024-10-12,5,NA,,,,kora,dim_pl,familiar,koradann
59837,2024-10-12,5,NA,,,,pil,dim_pl,novel,pildan
59837,2024-10-12,5,NA,,,,shinti,dim_pl,novel,shintinem
59837,2024-10-12,5,NA,,,,berko,dim_pl,familiar,berkod
59837,2024-10-12,5,NA,,,,shinder,dim_pl,novel,shinderdan
59837,2024-10-12,5,NA,,,,bal,dim_pl,familiar,balsil
59837,2024-10-12,5,NA,,,,berko,dim_pl,familiar,berkodan
59837,2024-10-12,5,NA,,,,kora,dim_pl,familiar,koradan
59837,2024-10-12,5,NA,,,,bal,dim_pl,familiar,balsil
59837,2024-10-12,5,NA,,,,shinder,dim_pl,novel,shinderdan
59837,2024-10-12,5,NA,,,,shinti,dim_pl,novel,shintidan
59837,2024-10-12,5,NA,,,,pil,dim_pl,novel,pildan
57882,2024-10-13,5,NA,,,,berko,dim_pl,familiar,berkoshalm
57882,2024-10-13,5,NA,,,,shinti,dim_pl,novel,shintiad
57882,2024-10-13,5,NA,,,,kora,dim_pl,familiar,bacaral
57882,2024-10-13,5,NA,,,,bal,dim_pl,familiar,balawi
57882,2024-10-13,5,NA,,,,pil,dim_pl,novel,pilshalm
57882,2024-10-13,5,NA,,,,shinder,dim_pl,novel,shindershalm
57882,2024-10-13,5,NA,,,,kora,dim_pl,familiar,korashalm
57882,2024-10-13,5,NA,,,,pil,dim_pl,novel,pilshalma
57882,2024-10-13,5,NA,,,,shinti,dim_pl,novel,shintio
57882,2024-10-13,5,NA,,,,bal,dim_pl,familiar,balma
57882,2024-10-13,5,NA,,,,shinder,dim_pl,novel,shindershalm
57882,2024-10-13,5,NA,,,,berko,dim_pl,familiar,berkoshalm
59438,2024-10-13,3,NA,,,,bal,dim_pl,familiar,balshoon
59438,2024-10-13,3,NA,,,,shinti,dim_pl,novel,shintisoon
59438,2024-10-13,3,NA,,,,pil,dim_pl,novel,pilsoon
59438,2024-10-13,3,NA,,,,kora,dim_pl,familiar,korashoon
59438,2024-10-13,3,NA,,,,berko,dim_pl,familiar,berkoshoon
59438,2024-10-13,3,NA,,,,shinder,dim_pl,novel,shindersoon
59438,2024-10-13,3,NA,,,,bal,dim_pl,familiar,balisoon
59438,2024-10-13,3,NA,,,,berko,dim_pl,familiar,berkosoon
59438,2024-10-13,3,NA,,,,shinti,dim_pl,novel,shintisoon
59438,2024-10-13,3,NA,,,,pil,dim_pl,novel,pilsoon
59438,2024-10-13,3,NA,,,,kora,dim_pl,familiar,korasoon
59438,2024-10-13,3,NA,,,,shinder,dim_pl,novel,shindersoon
59586,2024-10-13,6,NA,,,,pil,dim_pl,novel,pilkodan
59586,2024-10-13,6,NA,,,,shinti,dim_pl,novel,shintidan
59586,2024-10-13,6,NA,,,,kora,dim_pl,familiar,korashoon
59586,2024-10-13,6,NA,,,,shinder,dim_pl,novel,shinderdan
59586,2024-10-13,6,NA,,,,berko,dim_pl,familiar,berkoshoon
59586,2024-10-13,6,NA,,,,bal,dim_pl,familiar,baldan
59586,2024-10-13,6,NA,,,,bal,dim_pl,familiar,baldan
59586,2024-10-13,6,NA,,,,shinder,dim_pl,novel,Shindershoon
59586,2024-10-13,6,NA,,,,pil,dim_pl,novel,Pildan
59586,2024-10-13,6,NA,,,,shinti,dim_pl,novel,shintishoon
59586,2024-10-13,6,NA,,,,berko,dim_pl,familiar,berkoshoon
59586,2024-10-13,6,NA,,,,kora,dim_pl,familiar,Korashoon
57809,2024-10-13,3,NA,,,,berko,dim_pl,familiar,berkoshoon
57809,2024-10-13,3,NA,,,,shinti,dim_pl,novel,shintinem
57809,2024-10-13,3,NA,,,,shinder,dim_pl,novel,shindernem
57809,2024-10-13,3,NA,,,,bal,dim_pl,familiar,balnem
57809,2024-10-13,3,NA,,,,kora,dim_pl,familiar,koranem
57809,2024-10-13,3,NA,,,,pil,dim_pl,novel,pilnem
57809,2024-10-13,3,NA,,,,bal,dim_pl,familiar,balnem
57809,2024-10-13,3,NA,,,,berko,dim_pl,familiar,berkonem
57809,2024-10-13,3,NA,,,,kora,dim_pl,familiar,koranem
57809,2024-10-13,3,NA,,,,shinder,dim_pl,novel,shindernem
57809,2024-10-13,3,NA,,,,shinti,dim_pl,novel,shintinem
57809,2024-10-13,3,NA,,,,pil,dim_pl,novel,pilnam
59486,2024-10-13,3,NA,,,,kora,dim_pl,familiar,koradan
59486,2024-10-13,3,NA,,,,pil,dim_pl,novel,piladan
59486,2024-10-13,3,NA,,,,shinti,dim_pl,novel,shintidan
59486,2024-10-13,3,NA,,,,berko,dim_pl,familiar,berkodan
59486,2024-10-13,3,NA,,,,shinder,dim_pl,novel,shindersil
59486,2024-10-13,3,NA,,,,bal,dim_pl,familiar,balsil
59486,2024-10-13,3,NA,,,,kora,dim_pl,familiar,koradan
59486,2024-10-13,3,NA,,,,berko,dim_pl,familiar,berkodan
59486,2024-10-13,3,NA,,,,shinder,dim_pl,novel,shinderdan
59486,2024-10-13,3,NA,,,,bal,dim_pl,familiar,baldan
59486,2024-10-13,3,NA,,,,shinti,dim_pl,novel,shintidan
59486,2024-10-13,3,NA,,,,pil,dim_pl,novel,pildan
59703,2024-10-13,2,NA,,,,kora,dim_pl,familiar,"koraden
"
59703,2024-10-13,2,NA,,,,shinti,dim_pl,novel,shinti
59703,2024-10-13,2,NA,,,,pil,dim_pl,novel,pil
59703,2024-10-13,2,NA,,,,bal,dim_pl,familiar,"baldan
"
59703,2024-10-13,2,NA,,,,berko,dim_pl,familiar,"berkodan
"
59703,2024-10-13,2,NA,,,,shinder,dim_pl,novel,
59703,2024-10-13,2,NA,,,,kora,dim_pl,familiar,"koradan
"
59703,2024-10-13,2,NA,,,,pil,dim_pl,novel,"piltan
"
59703,2024-10-13,2,NA,,,,shinder,dim_pl,novel,"shinderdan
"
59703,2024-10-13,2,NA,,,,shinti,dim_pl,novel,"shintidan
"
59703,2024-10-13,2,NA,,,,berko,dim_pl,familiar,"berkoshan
"
59703,2024-10-13,2,NA,,,,bal,dim_pl,familiar,"balsam
"
59768,2024-10-13,5,NA,,,,pil,dim_pl,novel,pile
59768,2024-10-13,5,NA,,,,berko,dim_pl,familiar,berkonem
59768,2024-10-13,5,NA,,,,shinti,dim_pl,novel,shintiem
59768,2024-10-13,5,NA,,,,kora,dim_pl,familiar,koranem
59768,2024-10-13,5,NA,,,,bal,dim_pl,familiar,balnem
59768,2024-10-13,5,NA,,,,shinder,dim_pl,novel,shindernem
59768,2024-10-13,5,NA,,,,bal,dim_pl,familiar,balsil
59768,2024-10-13,5,NA,,,,shinti,dim_pl,novel,shintisil
59768,2024-10-13,5,NA,,,,shinder,dim_pl,novel,shintisil
59768,2024-10-13,5,NA,,,,kora,dim_pl,familiar,korasil
59768,2024-10-13,5,NA,,,,pil,dim_pl,novel,pilsil
59768,2024-10-13,5,NA,,,,berko,dim_pl,familiar,berkosil
59588,2024-10-14,6,NA,,,,shinder,dim_pl,novel,"shindernem
"
59588,2024-10-14,6,NA,,,,kora,dim_pl,familiar,kora
59588,2024-10-14,6,NA,,,,berko,dim_pl,familiar,"berkonem
"
59588,2024-10-14,6,NA,,,,shinti,dim_pl,novel,"shintinem
"
59588,2024-10-14,6,NA,,,,pil,dim_pl,novel,"pilnem
"
59588,2024-10-14,6,NA,,,,bal,dim_pl,familiar,"balm
"
59588,2024-10-14,6,NA,,,,berko,dim_pl,familiar,"berkosil
"
59588,2024-10-14,6,NA,,,,bal,dim_pl,familiar,"balsil
"
59588,2024-10-14,6,NA,,,,shinti,dim_pl,novel,"shintisil
"
59588,2024-10-14,6,NA,,,,kora,dim_pl,familiar,"korasil
"
59588,2024-10-14,6,NA,,,,pil,dim_pl,novel,"pilsil
"
59588,2024-10-14,6,NA,,,,shinder,dim_pl,novel,"shindersil
"
58318,2024-10-14,6,NA,,,,shinder,dim_pl,novel,schinem
58318,2024-10-14,6,NA,,,,bal,dim_pl,familiar,Balshoon 
58318,2024-10-14,6,NA,,,,pil,dim_pl,novel,Pilnem
58318,2024-10-14,6,NA,,,,kora,dim_pl,familiar,Koradan
58318,2024-10-14,6,NA,,,,berko,dim_pl,familiar,Berkodan 
58318,2024-10-14,6,NA,,,,shinti,dim_pl,novel,Shinem
58318,2024-10-14,6,NA,,,,kora,dim_pl,familiar,koradan 
58318,2024-10-14,6,NA,,,,berko,dim_pl,familiar,Berkodan
58318,2024-10-14,6,NA,,,,shinti,dim_pl,novel,Shinem
58318,2024-10-14,6,NA,,,,bal,dim_pl,familiar,Balnem 
58318,2024-10-14,6,NA,,,,shinder,dim_pl,novel,Shinem 
58318,2024-10-14,6,NA,,,,pil,dim_pl,novel,Pilnem
59627,2024-10-14,1,NA,,,,shinder,dim_pl,novel,"shindershoon
"
59627,2024-10-14,1,NA,,,,shinti,dim_pl,novel,"shintishoon
"
59627,2024-10-14,1,NA,,,,berko,dim_pl,familiar,"berkodan
"
59627,2024-10-14,1,NA,,,,bal,dim_pl,familiar,"baldan
"
59627,2024-10-14,1,NA,,,,pil,dim_pl,novel,"pildan
"
59627,2024-10-14,1,NA,,,,kora,dim_pl,familiar,"korashoon
"
59627,2024-10-14,1,NA,,,,bal,dim_pl,familiar,"balshoon
"
59627,2024-10-14,1,NA,,,,shinti,dim_pl,novel,"shintidan
"
59627,2024-10-14,1,NA,,,,kora,dim_pl,familiar,"koradan
"
59627,2024-10-14,1,NA,,,,berko,dim_pl,familiar,"berkodan
"
59627,2024-10-14,1,NA,,,,shinder,dim_pl,novel,"shinderdan
"
59627,2024-10-14,1,NA,,,,pil,dim_pl,novel,"pildan
"
58913,2024-10-14,5,NA,,,,kora,dim_pl,familiar,koralings
58913,2024-10-14,5,NA,,,,shinder,dim_pl,novel,shinderlings
58913,2024-10-14,5,NA,,,,berko,dim_pl,familiar,berkolings
58913,2024-10-14,5,NA,,,,shinti,dim_pl,novel,shintilings
58913,2024-10-14,5,NA,,,,bal,dim_pl,familiar,ballings
58913,2024-10-14,5,NA,,,,pil,dim_pl,novel,pillings
58913,2024-10-14,5,NA,,,,bal,dim_pl,familiar,balshoons
58913,2024-10-14,5,NA,,,,berko,dim_pl,familiar,berkoshoons
58913,2024-10-14,5,NA,,,,pil,dim_pl,novel,pillings
58913,2024-10-14,5,NA,,,,kora,dim_pl,familiar,koralings
58913,2024-10-14,5,NA,,,,shinder,dim_pl,novel,shinderlings
58913,2024-10-14,5,NA,,,,shinti,dim_pl,novel,shintilings
59719,2024-10-14,5,NA,,,,kora,dim_pl,familiar,korashoon
59719,2024-10-14,5,NA,,,,shinder,dim_pl,novel,shindershoon
59719,2024-10-14,5,NA,,,,berko,dim_pl,familiar,berkoshoon
59719,2024-10-14,5,NA,,,,shinti,dim_pl,novel,shintidan
59719,2024-10-14,5,NA,,,,bal,dim_pl,familiar,baldan
59719,2024-10-14,5,NA,,,,pil,dim_pl,novel,pildan
59719,2024-10-14,5,NA,,,,kora,dim_pl,familiar,
59719,2024-10-14,5,NA,,,,bal,dim_pl,familiar,baldan
59719,2024-10-14,5,NA,,,,shinder,dim_pl,novel,shinderdan
59719,2024-10-14,5,NA,,,,berko,dim_pl,familiar,berkodan
59719,2024-10-14,5,NA,,,,shinti,dim_pl,novel,shintidan
59719,2024-10-14,5,NA,,,,pil,dim_pl,novel,pildan
59463,2024-10-14,2,NA,,,,berko,dim_pl,familiar,berkonem
59463,2024-10-14,2,NA,,,,pil,dim_pl,novel,shintinem
59463,2024-10-14,2,NA,,,,bal,dim_pl,familiar,balnem
59463,2024-10-14,2,NA,,,,shinti,dim_pl,novel,shintinem
59463,2024-10-14,2,NA,,,,shinder,dim_pl,novel,shindernem
59463,2024-10-14,2,NA,,,,kora,dim_pl,familiar,koranem
59463,2024-10-14,2,NA,,,,pil,dim_pl,novel,shintinem
59463,2024-10-14,2,NA,,,,shinti,dim_pl,novel,shintinem
59463,2024-10-14,2,NA,,,,bal,dim_pl,familiar,balnem
59463,2024-10-14,2,NA,,,,kora,dim_pl,familiar,koranem
59463,2024-10-14,2,NA,,,,shinder,dim_pl,novel,shindernem
59463,2024-10-14,2,NA,,,,berko,dim_pl,familiar,berkonem
59759,2024-10-14,6,NA,,,,berko,dim_pl,familiar,berkodan
59759,2024-10-14,6,NA,,,,kora,dim_pl,familiar,korasil
59759,2024-10-14,6,NA,,,,pil,dim_pl,novel,pilsil
59759,2024-10-14,6,NA,,,,shinder,dim_pl,novel,shindersil
59759,2024-10-14,6,NA,,,,shinti,dim_pl,novel,shintisil
59759,2024-10-14,6,NA,,,,bal,dim_pl,familiar,berko
59759,2024-10-14,6,NA,,,,shinti,dim_pl,novel,shintisil
59759,2024-10-14,6,NA,,,,pil,dim_pl,novel,pilsil
59759,2024-10-14,6,NA,,,,shinder,dim_pl,novel,shindersil
59759,2024-10-14,6,NA,,,,kora,dim_pl,familiar,korasil
59759,2024-10-14,6,NA,,,,berko,dim_pl,familiar,berkosil
59759,2024-10-14,6,NA,,,,bal,dim_pl,familiar,balsil
59767,2024-10-14,2,NA,,,,kora,dim_pl,familiar,"koradan
"
59767,2024-10-14,2,NA,,,,pil,dim_pl,novel,"pildan
"
59767,2024-10-14,2,NA,,,,berko,dim_pl,familiar,"berkosil
"
59767,2024-10-14,2,NA,,,,shinti,dim_pl,novel,"shintisil
"
59767,2024-10-14,2,NA,,,,bal,dim_pl,familiar,"balsil
"
59767,2024-10-14,2,NA,,,,shinder,dim_pl,novel,"shindersil
"
59767,2024-10-14,2,NA,,,,shinti,dim_pl,novel,"shintisil
"
59767,2024-10-14,2,NA,,,,bal,dim_pl,familiar,"balsil
"
59767,2024-10-14,2,NA,,,,kora,dim_pl,familiar,"korasil
"
59767,2024-10-14,2,NA,,,,pil,dim_pl,novel,"pilsil
"
59767,2024-10-14,2,NA,,,,shinder,dim_pl,novel,"shindersil
"
59767,2024-10-14,2,NA,,,,berko,dim_pl,familiar,"berkosil
"
59530,2024-10-14,3,NA,,,,pil,dim_pl,novel,pilshoon
59530,2024-10-14,3,NA,,,,berko,dim_pl,familiar,berkelma
59530,2024-10-14,3,NA,,,,shinder,dim_pl,novel,shinders
59530,2024-10-14,3,NA,,,,bal,dim_pl,familiar,balnalm
59530,2024-10-14,3,NA,,,,shinti,dim_pl,novel,shindsoot
59530,2024-10-14,3,NA,,,,kora,dim_pl,familiar,koraelm
59530,2024-10-14,3,NA,,,,shinder,dim_pl,novel,shindernalm
59530,2024-10-14,3,NA,,,,bal,dim_pl,familiar,bali
59530,2024-10-14,3,NA,,,,pil,dim_pl,novel,piks
59530,2024-10-14,3,NA,,,,shinti,dim_pl,novel,shindishoot
59530,2024-10-14,3,NA,,,,kora,dim_pl,familiar,koranoos
59530,2024-10-14,3,NA,,,,berko,dim_pl,familiar,berkois
59955,2024-10-14,3,NA,,,,kora,dim_pl,familiar,kora
59955,2024-10-14,3,NA,,,,bal,dim_pl,familiar,balette
59955,2024-10-14,3,NA,,,,berko,dim_pl,familiar,berkos
59955,2024-10-14,3,NA,,,,shinti,dim_pl,novel,shinti
59955,2024-10-14,3,NA,,,,pil,dim_pl,novel,pili
59955,2024-10-14,3,NA,,,,shinder,dim_pl,novel,shinder
59955,2024-10-14,3,NA,,,,bal,dim_pl,familiar,bal
59955,2024-10-14,3,NA,,,,shinder,dim_pl,novel,shinder
59955,2024-10-14,3,NA,,,,pil,dim_pl,novel,pil
59955,2024-10-14,3,NA,,,,kora,dim_pl,familiar,kora
59955,2024-10-14,3,NA,,,,berko,dim_pl,familiar,berko
59955,2024-10-14,3,NA,,,,shinti,dim_pl,novel,shinti
59406,2024-10-14,2,NA,,,,pil,dim_pl,novel,pil
59406,2024-10-14,2,NA,,,,kora,dim_pl,familiar,kora
59406,2024-10-14,2,NA,,,,shinti,dim_pl,novel,shinti
59406,2024-10-14,2,NA,,,,bal,dim_pl,familiar,bal
59406,2024-10-14,2,NA,,,,berko,dim_pl,familiar,berko
59406,2024-10-14,2,NA,,,,shinder,dim_pl,novel,shinder
59406,2024-10-14,2,NA,,,,shinder,dim_pl,novel,shinder
59406,2024-10-14,2,NA,,,,bal,dim_pl,familiar,bal
59406,2024-10-14,2,NA,,,,pil,dim_pl,novel,pil
59406,2024-10-14,2,NA,,,,shinti,dim_pl,novel,shinti
59406,2024-10-14,2,NA,,,,kora,dim_pl,familiar,kora
59406,2024-10-14,2,NA,,,,berko,dim_pl,familiar,berk
59423,2024-10-14,2,NA,,,,pil,dim_pl,novel,pil
59423,2024-10-14,2,NA,,,,kora,dim_pl,familiar,koradan
59423,2024-10-14,2,NA,,,,shinti,dim_pl,novel,idk
59423,2024-10-14,2,NA,,,,bal,dim_pl,familiar,baldan
59423,2024-10-14,2,NA,,,,shinder,dim_pl,novel,slinderem
59423,2024-10-14,2,NA,,,,berko,dim_pl,familiar,berkodem
59423,2024-10-14,2,NA,,,,kora,dim_pl,familiar,koradem
59423,2024-10-14,2,NA,,,,berko,dim_pl,familiar,berkodem
59423,2024-10-14,2,NA,,,,shinder,dim_pl,novel,shinder
59423,2024-10-14,2,NA,,,,shinti,dim_pl,novel,shinti
59423,2024-10-14,2,NA,,,,bal,dim_pl,familiar,bal
59423,2024-10-14,2,NA,,,,pil,dim_pl,novel,pil
59551,2024-10-14,2,NA,,,,bal,dim_pl,familiar,baladan
59551,2024-10-14,2,NA,,,,kora,dim_pl,familiar,korasil
59551,2024-10-14,2,NA,,,,pil,dim_pl,novel,korasil
59551,2024-10-14,2,NA,,,,shinder,dim_pl,novel,shinderasil
59551,2024-10-14,2,NA,,,,shinti,dim_pl,novel,shintiasil
59551,2024-10-14,2,NA,,,,berko,dim_pl,familiar,berkoasil
59551,2024-10-14,2,NA,,,,pil,dim_pl,novel,pilodan
59551,2024-10-14,2,NA,,,,bal,dim_pl,familiar,balshil
59551,2024-10-14,2,NA,,,,shinti,dim_pl,novel,shintiadan
59551,2024-10-14,2,NA,,,,kora,dim_pl,familiar,korashil
59551,2024-10-14,2,NA,,,,berko,dim_pl,familiar,berkoshil
59551,2024-10-14,2,NA,,,,shinder,dim_pl,novel,shindishil
59957,2024-10-14,4,NA,,,,bal,dim_pl,familiar,baldan
59957,2024-10-14,4,NA,,,,berko,dim_pl,familiar,berkodan
59957,2024-10-14,4,NA,,,,shinti,dim_pl,novel,shintidan
59957,2024-10-14,4,NA,,,,kora,dim_pl,familiar,koradan
59957,2024-10-14,4,NA,,,,pil,dim_pl,novel,pildan
59957,2024-10-14,4,NA,,,,shinder,dim_pl,novel,shinderdan
59957,2024-10-14,4,NA,,,,shinti,dim_pl,novel,shintidan
59957,2024-10-14,4,NA,,,,berko,dim_pl,familiar,berkodan
59957,2024-10-14,4,NA,,,,bal,dim_pl,familiar,baldan
59957,2024-10-14,4,NA,,,,pil,dim_pl,novel,pildan
59957,2024-10-14,4,NA,,,,shinder,dim_pl,novel,shinderdan
59957,2024-10-14,4,NA,,,,kora,dim_pl,familiar,koradan
59901,2024-10-14,6,NA,,,,kora,dim_pl,familiar,kora
59901,2024-10-14,6,NA,,,,shinder,dim_pl,novel,shinder
59901,2024-10-14,6,NA,,,,pil,dim_pl,novel,
59901,2024-10-14,6,NA,,,,bal,dim_pl,familiar,
59901,2024-10-14,6,NA,,,,berko,dim_pl,familiar,
59901,2024-10-14,6,NA,,,,shinti,dim_pl,novel,shinti
59901,2024-10-14,6,NA,,,,bal,dim_pl,familiar,bal
59901,2024-10-14,6,NA,,,,berko,dim_pl,familiar,berki
59901,2024-10-14,6,NA,,,,shinder,dim_pl,novel,shinder
59901,2024-10-14,6,NA,,,,shinti,dim_pl,novel,shinti
59901,2024-10-14,6,NA,,,,kora,dim_pl,familiar,kora
59901,2024-10-14,6,NA,,,,pil,dim_pl,novel,
54850,2024-10-14,4,NA,,,,shinti,dim_pl,novel,shintinem
54850,2024-10-14,4,NA,,,,bal,dim_pl,familiar,baldan
54850,2024-10-14,4,NA,,,,pil,dim_pl,novel,pilsil
54850,2024-10-14,4,NA,,,,kora,dim_pl,familiar,korasil
54850,2024-10-14,4,NA,,,,shinder,dim_pl,novel,shindernem
54850,2024-10-14,4,NA,,,,berko,dim_pl,familiar,berkosil
54850,2024-10-14,4,NA,,,,pil,dim_pl,novel,pilnem
54850,2024-10-14,4,NA,,,,kora,dim_pl,familiar,korasil
54850,2024-10-14,4,NA,,,,berko,dim_pl,familiar,berkosil
54850,2024-10-14,4,NA,,,,bal,dim_pl,familiar,baldsil
54850,2024-10-14,4,NA,,,,shinder,dim_pl,novel,shindersil
54850,2024-10-14,4,NA,,,,shinti,dim_pl,novel,shintishoom
59916,2024-10-14,4,NA,,,,shinti,dim_pl,novel,"shinti
"
59916,2024-10-14,4,NA,,,,pil,dim_pl,novel,"pil
"
59916,2024-10-14,4,NA,,,,berko,dim_pl,familiar,"berkodan
"
59916,2024-10-14,4,NA,,,,shinder,dim_pl,novel,"shinderdan
"
59916,2024-10-14,4,NA,,,,kora,dim_pl,familiar,"korasil
"
59916,2024-10-14,4,NA,,,,bal,dim_pl,familiar,"baldan
"
59916,2024-10-14,4,NA,,,,bal,dim_pl,familiar,"baldan
"
59916,2024-10-14,4,NA,,,,shinder,dim_pl,novel,"shindersil
"
59916,2024-10-14,4,NA,,,,berko,dim_pl,familiar,"berkosil
"
59916,2024-10-14,4,NA,,,,kora,dim_pl,familiar,"korastil
"
59916,2024-10-14,4,NA,,,,pil,dim_pl,novel,"pildan
"
59916,2024-10-14,4,NA,,,,shinti,dim_pl,novel,"shintisil
"
53502,2024-10-14,4,NA,,,,pil,dim_pl,novel,pilnem
53502,2024-10-14,4,NA,,,,shinti,dim_pl,novel,shintinem
53502,2024-10-14,4,NA,,,,kora,dim_pl,familiar,koranem
53502,2024-10-14,4,NA,,,,shinder,dim_pl,novel,shindernem
53502,2024-10-14,4,NA,,,,bal,dim_pl,familiar,balnem
53502,2024-10-14,4,NA,,,,berko,dim_pl,familiar,berkonem
53502,2024-10-14,4,NA,,,,bal,dim_pl,familiar,balnem
53502,2024-10-14,4,NA,,,,shinder,dim_pl,novel,shindershoon
53502,2024-10-14,4,NA,,,,shinti,dim_pl,novel,shintishoon
53502,2024-10-14,4,NA,,,,pil,dim_pl,novel,pilnem
53502,2024-10-14,4,NA,,,,kora,dim_pl,familiar,koranem
53502,2024-10-14,4,NA,,,,berko,dim_pl,familiar,berkonem
59555,2024-10-14,3,NA,,,,shinti,dim_pl,novel,shinti
59555,2024-10-14,3,NA,,,,bal,dim_pl,familiar,bal
59555,2024-10-14,3,NA,,,,berko,dim_pl,familiar,berkolin
59555,2024-10-14,3,NA,,,,shinder,dim_pl,novel,shindin
59555,2024-10-14,3,NA,,,,kora,dim_pl,familiar,koralan
59555,2024-10-14,3,NA,,,,pil,dim_pl,novel,pilan
59555,2024-10-14,3,NA,,,,bal,dim_pl,familiar,baldoon
59555,2024-10-14,3,NA,,,,kora,dim_pl,familiar,koranda
59555,2024-10-14,3,NA,,,,shinder,dim_pl,novel,shinder
59555,2024-10-14,3,NA,,,,pil,dim_pl,novel,pilan
59555,2024-10-14,3,NA,,,,berko,dim_pl,familiar,berkloan
59555,2024-10-14,3,NA,,,,shinti,dim_pl,novel,shintin
59436,2024-10-15,2,NA,,,,berko,dim_pl,familiar,berkoshoon
59436,2024-10-15,2,NA,,,,shinti,dim_pl,novel,shintidom
59436,2024-10-15,2,NA,,,,pil,dim_pl,novel,pilshom
59436,2024-10-15,2,NA,,,,bal,dim_pl,familiar,bork
59436,2024-10-15,2,NA,,,,shinder,dim_pl,novel,shinder
59436,2024-10-15,2,NA,,,,kora,dim_pl,familiar,koranan
59436,2024-10-15,2,NA,,,,pil,dim_pl,novel,pilsad
59436,2024-10-15,2,NA,,,,shinder,dim_pl,novel,shinderant
59436,2024-10-15,2,NA,,,,kora,dim_pl,familiar,koraent
59436,2024-10-15,2,NA,,,,bal,dim_pl,familiar,balenm
59436,2024-10-15,2,NA,,,,shinti,dim_pl,novel,shintidom
59436,2024-10-15,2,NA,,,,berko,dim_pl,familiar,berkoent
54126,2024-10-15,5,NA,,,,shinder,dim_pl,novel,shinderan
54126,2024-10-15,5,NA,,,,shinti,dim_pl,novel,shinitidan
54126,2024-10-15,5,NA,,,,pil,dim_pl,novel,piladen
54126,2024-10-15,5,NA,,,,kora,dim_pl,familiar,koradan
54126,2024-10-15,5,NA,,,,berko,dim_pl,familiar,berkoshoon
54126,2024-10-15,5,NA,,,,bal,dim_pl,familiar,baladan
54126,2024-10-15,5,NA,,,,pil,dim_pl,novel,pilsil
54126,2024-10-15,5,NA,,,,kora,dim_pl,familiar,koradan
54126,2024-10-15,5,NA,,,,shinder,dim_pl,novel,shintidan
54126,2024-10-15,5,NA,,,,berko,dim_pl,familiar,berkodan
54126,2024-10-15,5,NA,,,,shinti,dim_pl,novel,shintidan
54126,2024-10-15,5,NA,,,,bal,dim_pl,familiar,baladen
55804,2024-10-15,2,NA,,,,berko,dim_pl,familiar,berkosil
55804,2024-10-15,2,NA,,,,shinti,dim_pl,novel,shintisil
55804,2024-10-15,2,NA,,,,shinder,dim_pl,novel,shindersi;
55804,2024-10-15,2,NA,,,,bal,dim_pl,familiar,balsil
55804,2024-10-15,2,NA,,,,pil,dim_pl,novel,pilsil
55804,2024-10-15,2,NA,,,,kora,dim_pl,familiar,korasil
55804,2024-10-15,2,NA,,,,bal,dim_pl,familiar,balnem
55804,2024-10-15,2,NA,,,,shinti,dim_pl,novel,shintisil
55804,2024-10-15,2,NA,,,,berko,dim_pl,familiar,berkosil
55804,2024-10-15,2,NA,,,,pil,dim_pl,novel,pilsil
55804,2024-10-15,2,NA,,,,kora,dim_pl,familiar,korasil
55804,2024-10-15,2,NA,,,,shinder,dim_pl,novel,shindersil
59963,2024-10-15,4,NA,,,,pil,dim_pl,novel,"piladan
"
59963,2024-10-15,4,NA,,,,berko,dim_pl,familiar,"berkasil
"
59963,2024-10-15,4,NA,,,,shinti,dim_pl,novel,shinti
59963,2024-10-15,4,NA,,,,shinder,dim_pl,novel,"shiners
"
59963,2024-10-15,4,NA,,,,kora,dim_pl,familiar,"korasil
"
59963,2024-10-15,4,NA,,,,bal,dim_pl,familiar,"balisil
"
59963,2024-10-15,4,NA,,,,kora,dim_pl,familiar,"korasil
"
59963,2024-10-15,4,NA,,,,shinder,dim_pl,novel,"shindersil
"
59963,2024-10-15,4,NA,,,,pil,dim_pl,novel,"pilisil
"
59963,2024-10-15,4,NA,,,,shinti,dim_pl,novel,"shintisil
"
59963,2024-10-15,4,NA,,,,bal,dim_pl,familiar,ber
59963,2024-10-15,4,NA,,,,berko,dim_pl,familiar,"berkosil
"
59967,2024-10-15,2,NA,,,,berko,dim_pl,familiar,berko
59967,2024-10-15,2,NA,,,,kora,dim_pl,familiar,kora
59967,2024-10-15,2,NA,,,,bal,dim_pl,familiar,baldem
59967,2024-10-15,2,NA,,,,shinti,dim_pl,novel,shintisil
59967,2024-10-15,2,NA,,,,shinder,dim_pl,novel,shindershoon
59967,2024-10-15,2,NA,,,,pil,dim_pl,novel,pilshoon
59967,2024-10-15,2,NA,,,,shinti,dim_pl,novel,shintishin
59967,2024-10-15,2,NA,,,,bal,dim_pl,familiar,baldem
59967,2024-10-15,2,NA,,,,berko,dim_pl,familiar,berkodem
59967,2024-10-15,2,NA,,,,shinder,dim_pl,novel,shinderdem
59967,2024-10-15,2,NA,,,,kora,dim_pl,familiar,koradem
59967,2024-10-15,2,NA,,,,pil,dim_pl,novel,pildem
59898,2024-10-15,3,NA,,,,bal,dim_pl,familiar,balshoon
59898,2024-10-15,3,NA,,,,kora,dim_pl,familiar,korashoon
59898,2024-10-15,3,NA,,,,pil,dim_pl,novel,pilidan
59898,2024-10-15,3,NA,,,,shinti,dim_pl,novel,shintishoon
59898,2024-10-15,3,NA,,,,shinder,dim_pl,novel,shinderem
59898,2024-10-15,3,NA,,,,berko,dim_pl,familiar,berkosil
59898,2024-10-15,3,NA,,,,bal,dim_pl,familiar,balshoon
59898,2024-10-15,3,NA,,,,shinti,dim_pl,novel,shintem
59898,2024-10-15,3,NA,,,,pil,dim_pl,novel,pilishoon
59898,2024-10-15,3,NA,,,,kora,dim_pl,familiar,korashoon
59898,2024-10-15,3,NA,,,,berko,dim_pl,familiar,berken
59898,2024-10-15,3,NA,,,,shinder,dim_pl,novel,shindershoon
58681,2024-10-15,2,NA,,,,pil,dim_pl,novel,"pil
"
58681,2024-10-15,2,NA,,,,shinti,dim_pl,novel,"shinti
"
58681,2024-10-15,2,NA,,,,bal,dim_pl,familiar,"bal
"
58681,2024-10-15,2,NA,,,,kora,dim_pl,familiar,"kora
"
58681,2024-10-15,2,NA,,,,berko,dim_pl,familiar,"burke
"
58681,2024-10-15,2,NA,,,,shinder,dim_pl,novel,"shinder]
"
58681,2024-10-15,2,NA,,,,shinti,dim_pl,novel,"Shinto
"
58681,2024-10-15,2,NA,,,,pil,dim_pl,novel,"pil
"
58681,2024-10-15,2,NA,,,,berko,dim_pl,familiar,"berko
"
58681,2024-10-15,2,NA,,,,shinder,dim_pl,novel,"shinder
"
58681,2024-10-15,2,NA,,,,kora,dim_pl,familiar,"kora
"
58681,2024-10-15,2,NA,,,,bal,dim_pl,familiar,"bal
"
59983,2024-10-15,5,NA,,,,pil,dim_pl,novel,"pilenom
"
59983,2024-10-15,5,NA,,,,shinder,dim_pl,novel,"shinderone
"
59983,2024-10-15,5,NA,,,,kora,dim_pl,familiar,"koranem
"
59983,2024-10-15,5,NA,,,,shinti,dim_pl,novel,"shinity
"
59983,2024-10-15,5,NA,,,,berko,dim_pl,familiar,"berkonem
"
59983,2024-10-15,5,NA,,,,bal,dim_pl,familiar,"bal
"
59983,2024-10-15,5,NA,,,,kora,dim_pl,familiar,"kora
"
59983,2024-10-15,5,NA,,,,pil,dim_pl,novel,"pile dome
"
59983,2024-10-15,5,NA,,,,shinder,dim_pl,novel,"shiner
"
59983,2024-10-15,5,NA,,,,shinti,dim_pl,novel,"
"
59983,2024-10-15,5,NA,,,,bal,dim_pl,familiar,bald
59983,2024-10-15,5,NA,,,,berko,dim_pl,familiar,"burke
"
59977,2024-10-15,2,NA,,,,berko,dim_pl,familiar,berkodan
59977,2024-10-15,2,NA,,,,pil,dim_pl,novel,pilnem
59977,2024-10-15,2,NA,,,,kora,dim_pl,familiar,koradan
59977,2024-10-15,2,NA,,,,shinti,dim_pl,novel,shintinem
59977,2024-10-15,2,NA,,,,shinder,dim_pl,novel,shindinem
59977,2024-10-15,2,NA,,,,bal,dim_pl,familiar,balnem
59977,2024-10-15,2,NA,,,,shinti,dim_pl,novel,sintinem
59977,2024-10-15,2,NA,,,,pil,dim_pl,novel,pilnem
59977,2024-10-15,2,NA,,,,kora,dim_pl,familiar,koranem
59977,2024-10-15,2,NA,,,,bal,dim_pl,familiar,balnem
59977,2024-10-15,2,NA,,,,shinder,dim_pl,novel,shindernem
59977,2024-10-15,2,NA,,,,berko,dim_pl,familiar,berkosil
57551,2024-10-15,5,NA,,,,shinti,dim_pl,novel,"Shinto
"
57551,2024-10-15,5,NA,,,,pil,dim_pl,novel,"pil
"
57551,2024-10-15,5,NA,,,,kora,dim_pl,familiar,"kora
"
57551,2024-10-15,5,NA,,,,berko,dim_pl,familiar,"berko
"
57551,2024-10-15,5,NA,,,,bal,dim_pl,familiar,"kora
"
57551,2024-10-15,5,NA,,,,shinder,dim_pl,novel,"shinder
"
57551,2024-10-15,5,NA,,,,kora,dim_pl,familiar,"kora
"
57551,2024-10-15,5,NA,,,,pil,dim_pl,novel,"pil
"
57551,2024-10-15,5,NA,,,,shinti,dim_pl,novel,"shinder
"
57551,2024-10-15,5,NA,,,,berko,dim_pl,familiar,"Shinto
"
57551,2024-10-15,5,NA,,,,shinder,dim_pl,novel,"kora
"
57551,2024-10-15,5,NA,,,,bal,dim_pl,familiar,"kora
"
59981,2024-10-15,3,NA,,,,kora,dim_pl,familiar,kora
59981,2024-10-15,3,NA,,,,shinder,dim_pl,novel,shinder
59981,2024-10-15,3,NA,,,,pil,dim_pl,novel,pil
59981,2024-10-15,3,NA,,,,shinti,dim_pl,novel,shinti
59981,2024-10-15,3,NA,,,,bal,dim_pl,familiar,bal
59981,2024-10-15,3,NA,,,,berko,dim_pl,familiar,berko
59981,2024-10-15,3,NA,,,,shinti,dim_pl,novel,shinti
59981,2024-10-15,3,NA,,,,shinder,dim_pl,novel,shinder
59981,2024-10-15,3,NA,,,,berko,dim_pl,familiar,berko
59981,2024-10-15,3,NA,,,,pil,dim_pl,novel,pil
59981,2024-10-15,3,NA,,,,kora,dim_pl,familiar,kora
59981,2024-10-15,3,NA,,,,bal,dim_pl,familiar,bal
59931,2024-10-15,4,NA,,,,berko,dim_pl,familiar,berkosil
59931,2024-10-15,4,NA,,,,pil,dim_pl,novel,pilsil
59931,2024-10-15,4,NA,,,,kora,dim_pl,familiar,korasil
59931,2024-10-15,4,NA,,,,bal,dim_pl,familiar,baldan
59931,2024-10-15,4,NA,,,,shinder,dim_pl,novel,shindersil
59931,2024-10-15,4,NA,,,,shinti,dim_pl,novel,shintisil
59931,2024-10-15,4,NA,,,,shinti,dim_pl,novel,shintisil
59931,2024-10-15,4,NA,,,,shinder,dim_pl,novel,shindersil
59931,2024-10-15,4,NA,,,,berko,dim_pl,familiar,berkisil
59931,2024-10-15,4,NA,,,,kora,dim_pl,familiar,korasil
59931,2024-10-15,4,NA,,,,pil,dim_pl,novel,pili
59931,2024-10-15,4,NA,,,,bal,dim_pl,familiar,balsti
59785,2024-10-15,6,NA,,,,pil,dim_pl,novel,"pil
"
59785,2024-10-15,6,NA,,,,shinder,dim_pl,novel,"shinerdem
"
59785,2024-10-15,6,NA,,,,kora,dim_pl,familiar,"koradem
"
59785,2024-10-15,6,NA,,,,bal,dim_pl,familiar,"

"
59785,2024-10-15,6,NA,,,,shinti,dim_pl,novel,"shinti5
"
59785,2024-10-15,6,NA,,,,berko,dim_pl,familiar,"berkodems
"
59785,2024-10-15,6,NA,,,,bal,dim_pl,familiar,"baldems
"
59785,2024-10-15,6,NA,,,,shinder,dim_pl,novel,"shinderdion
"
59785,2024-10-15,6,NA,,,,berko,dim_pl,familiar,"berkodems
"
59785,2024-10-15,6,NA,,,,pil,dim_pl,novel,"pildems
"
59785,2024-10-15,6,NA,,,,shinti,dim_pl,novel,"shintidems
"
59785,2024-10-15,6,NA,,,,kora,dim_pl,familiar,"kordems
"
59979,2024-10-15,6,NA,,,,pil,dim_pl,novel,pildan
59979,2024-10-15,6,NA,,,,shinti,dim_pl,novel,shintisil
59979,2024-10-15,6,NA,,,,berko,dim_pl,familiar,berkosil
59979,2024-10-15,6,NA,,,,shinder,dim_pl,novel,shindersil
59979,2024-10-15,6,NA,,,,bal,dim_pl,familiar,baldan
59979,2024-10-15,6,NA,,,,kora,dim_pl,familiar,korasil
59979,2024-10-15,6,NA,,,,kora,dim_pl,familiar,korasil
59979,2024-10-15,6,NA,,,,shinder,dim_pl,novel,shindersil
59979,2024-10-15,6,NA,,,,shinti,dim_pl,novel,shintidan
59979,2024-10-15,6,NA,,,,berko,dim_pl,familiar,berkosil
59979,2024-10-15,6,NA,,,,bal,dim_pl,familiar,baldan
59979,2024-10-15,6,NA,,,,pil,dim_pl,novel,pilsil
59414,2024-10-16,2,NA,,,,shinder,dim_pl,novel,"shinshoon
"
59414,2024-10-16,2,NA,,,,pil,dim_pl,novel,"pilshoon
"
59414,2024-10-16,2,NA,,,,berko,dim_pl,familiar,
59414,2024-10-16,2,NA,,,,shinti,dim_pl,novel,shinti
59414,2024-10-16,2,NA,,,,kora,dim_pl,familiar,"koradan
"
59414,2024-10-16,2,NA,,,,bal,dim_pl,familiar,"baldan
"
59414,2024-10-16,2,NA,,,,pil,dim_pl,novel,shinder
59414,2024-10-16,2,NA,,,,shinder,dim_pl,novel,shinder
59414,2024-10-16,2,NA,,,,kora,dim_pl,familiar,
59414,2024-10-16,2,NA,,,,bal,dim_pl,familiar,be
59414,2024-10-16,2,NA,,,,berko,dim_pl,familiar,berkodan
59414,2024-10-16,2,NA,,,,shinti,dim_pl,novel,shiniti
59824,2024-10-16,2,NA,,,,berko,dim_pl,familiar,berkashoon
59824,2024-10-16,2,NA,,,,pil,dim_pl,novel,pilashoon
59824,2024-10-16,2,NA,,,,kora,dim_pl,familiar,koraban
59824,2024-10-16,2,NA,,,,shinti,dim_pl,novel,shintishoon
59824,2024-10-16,2,NA,,,,shinder,dim_pl,novel,shinashoon
59824,2024-10-16,2,NA,,,,bal,dim_pl,familiar,baldan
59824,2024-10-16,2,NA,,,,pil,dim_pl,novel,piladon
59824,2024-10-16,2,NA,,,,berko,dim_pl,familiar,berkashoon
59824,2024-10-16,2,NA,,,,kora,dim_pl,familiar,korashoon
59824,2024-10-16,2,NA,,,,shinti,dim_pl,novel,shintishoon
59824,2024-10-16,2,NA,,,,bal,dim_pl,familiar,balashoon
59824,2024-10-16,2,NA,,,,shinder,dim_pl,novel,shindershoon
59968,2024-10-16,6,NA,,,,berko,dim_pl,familiar,
59968,2024-10-16,6,NA,,,,shinder,dim_pl,novel,sh
59968,2024-10-16,6,NA,,,,kora,dim_pl,familiar,korsdan
59968,2024-10-16,6,NA,,,,bal,dim_pl,familiar,
59968,2024-10-16,6,NA,,,,pil,dim_pl,novel,
59968,2024-10-16,6,NA,,,,shinti,dim_pl,novel,shinsil
59968,2024-10-16,6,NA,,,,shinti,dim_pl,novel,shintinem
59968,2024-10-16,6,NA,,,,pil,dim_pl,novel,piladan
59968,2024-10-16,6,NA,,,,berko,dim_pl,familiar,berkodan
59968,2024-10-16,6,NA,,,,kora,dim_pl,familiar,koradan
59968,2024-10-16,6,NA,,,,bal,dim_pl,familiar,balsil
59968,2024-10-16,6,NA,,,,shinder,dim_pl,novel,shindodan
59947,2024-10-17,2,NA,,,,bal,dim_pl,familiar,bal
59947,2024-10-17,2,NA,,,,pil,dim_pl,novel,pil
59947,2024-10-17,2,NA,,,,shinder,dim_pl,novel,shinder
59947,2024-10-17,2,NA,,,,berko,dim_pl,familiar,berko
59947,2024-10-17,2,NA,,,,shinti,dim_pl,novel,shintiu
59947,2024-10-17,2,NA,,,,kora,dim_pl,familiar,kora
59947,2024-10-17,2,NA,,,,kora,dim_pl,familiar,kora
59947,2024-10-17,2,NA,,,,bal,dim_pl,familiar,bal
59947,2024-10-17,2,NA,,,,shinti,dim_pl,novel,shinti
59947,2024-10-17,2,NA,,,,pil,dim_pl,novel,pilsol
59947,2024-10-17,2,NA,,,,shinder,dim_pl,novel,shinder
59947,2024-10-17,2,NA,,,,berko,dim_pl,familiar,berko
59535,2024-10-17,3,NA,,,,kora,dim_pl,familiar,kora
59535,2024-10-17,3,NA,,,,bal,dim_pl,familiar,balsil
59535,2024-10-17,3,NA,,,,pil,dim_pl,novel,pilsil
59535,2024-10-17,3,NA,,,,berko,dim_pl,familiar,berkodan
59535,2024-10-17,3,NA,,,,shinder,dim_pl,novel,shinchoon
59535,2024-10-17,3,NA,,,,shinti,dim_pl,novel,sintichoon
59535,2024-10-17,3,NA,,,,shinder,dim_pl,novel,shinchoon
59535,2024-10-17,3,NA,,,,shinti,dim_pl,novel,shinisch
59535,2024-10-17,3,NA,,,,pil,dim_pl,novel,pilsil
59535,2024-10-17,3,NA,,,,kora,dim_pl,familiar,korasil
59535,2024-10-17,3,NA,,,,berko,dim_pl,familiar,berkosil
59535,2024-10-17,3,NA,,,,bal,dim_pl,familiar,balsil
59577,2024-10-18,5,NA,,,,kora,dim_pl,familiar,"kora
"
59577,2024-10-18,5,NA,,,,pil,dim_pl,novel,"pil
"
59577,2024-10-18,5,NA,,,,shinti,dim_pl,novel,"Shinto
"
59577,2024-10-18,5,NA,,,,bal,dim_pl,familiar,"bal 
"
59577,2024-10-18,5,NA,,,,shinder,dim_pl,novel,"shinder 
"
59577,2024-10-18,5,NA,,,,berko,dim_pl,familiar,"berko 
"
59577,2024-10-18,5,NA,,,,bal,dim_pl,familiar,"bal 
"
59577,2024-10-18,5,NA,,,,pil,dim_pl,novel,"pil 
"
59577,2024-10-18,5,NA,,,,kora,dim_pl,familiar,"kora 
"
59577,2024-10-18,5,NA,,,,shinder,dim_pl,novel,"shinder 
"
59577,2024-10-18,5,NA,,,,berko,dim_pl,familiar,"berko 
"
59577,2024-10-18,5,NA,,,,shinti,dim_pl,novel,"Shinti 
"
59973,2024-10-20,4,NA,,,,pil,dim_pl,novel,pil
59973,2024-10-20,4,NA,,,,kora,dim_pl,familiar,kora
59973,2024-10-20,4,NA,,,,shinder,dim_pl,novel,shinder
59973,2024-10-20,4,NA,,,,bal,dim_pl,familiar,bal
59973,2024-10-20,4,NA,,,,shinti,dim_pl,novel,shinti
59973,2024-10-20,4,NA,,,,berko,dim_pl,familiar,berko
59973,2024-10-20,4,NA,,,,bal,dim_pl,familiar,bal
59973,2024-10-20,4,NA,,,,shinder,dim_pl,novel,shinder
59973,2024-10-20,4,NA,,,,kora,dim_pl,familiar,kora
59973,2024-10-20,4,NA,,,,pil,dim_pl,novel,pil
59973,2024-10-20,4,NA,,,,berko,dim_pl,familiar,berko
59973,2024-10-20,4,NA,,,,shinti,dim_pl,novel,shinti
59616,2024-10-20,1,NA,,,,shinder,dim_pl,novel,shinderdan
59616,2024-10-20,1,NA,,,,bal,dim_pl,familiar,balsil
59616,2024-10-20,1,NA,,,,pil,dim_pl,novel,pilsil
59616,2024-10-20,1,NA,,,,berko,dim_pl,familiar,berkosil
59616,2024-10-20,1,NA,,,,kora,dim_pl,familiar,koradan
59616,2024-10-20,1,NA,,,,shinti,dim_pl,novel,shintisil
59616,2024-10-20,1,NA,,,,shinder,dim_pl,novel,shinderdan
59616,2024-10-20,1,NA,,,,bal,dim_pl,familiar,balsil
59616,2024-10-20,1,NA,,,,kora,dim_pl,familiar,korasil
59616,2024-10-20,1,NA,,,,shinti,dim_pl,novel,shintidan
59616,2024-10-20,1,NA,,,,berko,dim_pl,familiar,berkosil
59616,2024-10-20,1,NA,,,,pil,dim_pl,novel,pildan
59552,2024-10-20,6,NA,,,,bal,dim_pl,familiar,baldem
59552,2024-10-20,6,NA,,,,pil,dim_pl,novel,piloden
59552,2024-10-20,6,NA,,,,shinder,dim_pl,novel,shindershoon
59552,2024-10-20,6,NA,,,,kora,dim_pl,familiar,koradem
59552,2024-10-20,6,NA,,,,berko,dim_pl,familiar,berkodan
59552,2024-10-20,6,NA,,,,shinti,dim_pl,novel,shintidan
59552,2024-10-20,6,NA,,,,pil,dim_pl,novel,piladan
59552,2024-10-20,6,NA,,,,berko,dim_pl,familiar,berkodan
59552,2024-10-20,6,NA,,,,bal,dim_pl,familiar,baldem
59552,2024-10-20,6,NA,,,,shinti,dim_pl,novel,shintidem
59552,2024-10-20,6,NA,,,,kora,dim_pl,familiar,koradan
59552,2024-10-20,6,NA,,,,shinder,dim_pl,novel,shinderden
59533,2024-10-22,5,NA,,,,kora,dim_pl,familiar,korasil
59533,2024-10-22,5,NA,,,,berko,dim_pl,familiar,berkshan
59533,2024-10-22,5,NA,,,,shinti,dim_pl,novel,shintan
59533,2024-10-22,5,NA,,,,bal,dim_pl,familiar,balkan
59533,2024-10-22,5,NA,,,,pil,dim_pl,novel,pilan
59533,2024-10-22,5,NA,,,,shinder,dim_pl,novel,shini
59533,2024-10-22,5,NA,,,,bal,dim_pl,familiar,balsil
59533,2024-10-22,5,NA,,,,kora,dim_pl,familiar,korasil
59533,2024-10-22,5,NA,,,,shinti,dim_pl,novel,
59533,2024-10-22,5,NA,,,,pil,dim_pl,novel,
59533,2024-10-22,5,NA,,,,shinder,dim_pl,novel,
59533,2024-10-22,5,NA,,,,berko,dim_pl,familiar,berks
59475,2024-10-22,2,NA,,,,pil,dim_pl,novel,"pilnam
"
59475,2024-10-22,2,NA,,,,berko,dim_pl,familiar,"berkonam
"
59475,2024-10-22,2,NA,,,,shinti,dim_pl,novel,"shintinam
"
59475,2024-10-22,2,NA,,,,kora,dim_pl,familiar,
59475,2024-10-22,2,NA,,,,shinder,dim_pl,novel,
59475,2024-10-22,2,NA,,,,bal,dim_pl,familiar,"balsam
"
59475,2024-10-22,2,NA,,,,shinti,dim_pl,novel,"shintinam
"
59475,2024-10-22,2,NA,,,,bal,dim_pl,familiar,"balsam
"
59475,2024-10-22,2,NA,,,,berko,dim_pl,familiar,"berkonam
"
59475,2024-10-22,2,NA,,,,pil,dim_pl,novel,pil
59475,2024-10-22,2,NA,,,,shinder,dim_pl,novel,"

"
59475,2024-10-22,2,NA,,,,kora,dim_pl,familiar,"koradan
"
59537,2024-10-23,1,NA,,,,kora,dim_pl,familiar,koranem
59537,2024-10-23,1,NA,,,,pil,dim_pl,novel,"planet
"
59537,2024-10-23,1,NA,,,,shinder,dim_pl,novel,"shindernem
"
59537,2024-10-23,1,NA,,,,shinti,dim_pl,novel,"shintinem
"
59537,2024-10-23,1,NA,,,,berko,dim_pl,familiar,"berkonem
"
59537,2024-10-23,1,NA,,,,bal,dim_pl,familiar,baldem
59537,2024-10-23,1,NA,,,,pil,dim_pl,novel,"pildem
"
59537,2024-10-23,1,NA,,,,shinti,dim_pl,novel,"shintinem
"
59537,2024-10-23,1,NA,,,,kora,dim_pl,familiar,"korasil
"
59537,2024-10-23,1,NA,,,,shinder,dim_pl,novel,shinti
59537,2024-10-23,1,NA,,,,berko,dim_pl,familiar,"berkosil
"
59537,2024-10-23,1,NA,,,,bal,dim_pl,familiar,bal
59457,2024-10-23,3,NA,,,,shinti,dim_pl,novel,shinti
59457,2024-10-23,3,NA,,,,berko,dim_pl,familiar,berkodan
59457,2024-10-23,3,NA,,,,shinder,dim_pl,novel,shindishoon
59457,2024-10-23,3,NA,,,,kora,dim_pl,familiar,korashoon
59457,2024-10-23,3,NA,,,,pil,dim_pl,novel,pildishoon
59457,2024-10-23,3,NA,,,,bal,dim_pl,familiar,"balshoon
"
59457,2024-10-23,3,NA,,,,shinti,dim_pl,novel,"shintishoon
"
59457,2024-10-23,3,NA,,,,shinder,dim_pl,novel,"shindershoon
"
59457,2024-10-23,3,NA,,,,berko,dim_pl,familiar,"berkoshoon
"
59457,2024-10-23,3,NA,,,,pil,dim_pl,novel,"pildishoon
"
59457,2024-10-23,3,NA,,,,bal,dim_pl,familiar,"baldishoon
"
59457,2024-10-23,3,NA,,,,kora,dim_pl,familiar,"korashoon
"
59969,2024-10-24,3,NA,,,,bal,dim_pl,familiar,baldin
59969,2024-10-24,3,NA,,,,berko,dim_pl,familiar,Berkoshoon
59969,2024-10-24,3,NA,,,,shinti,dim_pl,novel,Shintishoon
59969,2024-10-24,3,NA,,,,pil,dim_pl,novel,
59969,2024-10-24,3,NA,,,,shinder,dim_pl,novel,
59969,2024-10-24,3,NA,,,,kora,dim_pl,familiar,Kor
59969,2024-10-24,3,NA,,,,shinti,dim_pl,novel,Shintishoon
59969,2024-10-24,3,NA,,,,pil,dim_pl,novel,Pilin
59969,2024-10-24,3,NA,,,,berko,dim_pl,familiar,
59969,2024-10-24,3,NA,,,,kora,dim_pl,familiar,Koratin
59969,2024-10-24,3,NA,,,,bal,dim_pl,familiar,
59969,2024-10-24,3,NA,,,,shinder,dim_pl,novel,
59556,2024-10-24,2,NA,,,,pil,dim_pl,novel,pil
59556,2024-10-24,2,NA,,,,bal,dim_pl,familiar,baldan
59556,2024-10-24,2,NA,,,,kora,dim_pl,familiar,koradan
59556,2024-10-24,2,NA,,,,shinti,dim_pl,novel,shinti
59556,2024-10-24,2,NA,,,,shinder,dim_pl,novel,shinder
59556,2024-10-24,2,NA,,,,berko,dim_pl,familiar,berko
59556,2024-10-24,2,NA,,,,bal,dim_pl,familiar,baldo
59556,2024-10-24,2,NA,,,,berko,dim_pl,familiar,berko
59556,2024-10-24,2,NA,,,,pil,dim_pl,novel,pildo
59556,2024-10-24,2,NA,,,,shinti,dim_pl,novel,shinti
59556,2024-10-24,2,NA,,,,kora,dim_pl,familiar,kora
59556,2024-10-24,2,NA,,,,shinder,dim_pl,novel,shinder
59502,2024-10-24,6,NA,,,,kora,dim_pl,familiar,"korashoon
"
59502,2024-10-24,6,NA,,,,bal,dim_pl,familiar,"baldan
"
59502,2024-10-24,6,NA,,,,pil,dim_pl,novel,"pilshoon
"
59502,2024-10-24,6,NA,,,,shinder,dim_pl,novel,"shindershoon
"
59502,2024-10-24,6,NA,,,,berko,dim_pl,familiar,"berkoshoon
"
59502,2024-10-24,6,NA,,,,shinti,dim_pl,novel,"shintishoon
"
59502,2024-10-24,6,NA,,,,pil,dim_pl,novel,pilda
59502,2024-10-24,6,NA,,,,shinti,dim_pl,novel,shintishoon
59502,2024-10-24,6,NA,,,,berko,dim_pl,familiar,"berkosin
"
59502,2024-10-24,6,NA,,,,shinder,dim_pl,novel,"shinderdin
"
59502,2024-10-24,6,NA,,,,kora,dim_pl,familiar,"koradin
"
59502,2024-10-24,6,NA,,,,bal,dim_pl,familiar,"baldin
"
60097,2024-10-24,4,NA,,,,shinder,dim_pl,novel,
60097,2024-10-24,4,NA,,,,pil,dim_pl,novel,shoon
60097,2024-10-24,4,NA,,,,kora,dim_pl,familiar,sil
60097,2024-10-24,4,NA,,,,shinti,dim_pl,novel,
60097,2024-10-24,4,NA,,,,bal,dim_pl,familiar,sil
60097,2024-10-24,4,NA,,,,berko,dim_pl,familiar,berkoshooon
60097,2024-10-24,4,NA,,,,shinti,dim_pl,novel,shoon
60097,2024-10-24,4,NA,,,,berko,dim_pl,familiar,
60097,2024-10-24,4,NA,,,,shinder,dim_pl,novel,sil
60097,2024-10-24,4,NA,,,,pil,dim_pl,novel,pilsil
60097,2024-10-24,4,NA,,,,kora,dim_pl,familiar,korasil
60097,2024-10-24,4,NA,,,,bal,dim_pl,familiar,sil
59485,2024-10-24,5,NA,,,,shinder,dim_pl,novel,"shinderdan
"
59485,2024-10-24,5,NA,,,,berko,dim_pl,familiar,"berkodan
"
59485,2024-10-24,5,NA,,,,pil,dim_pl,novel,"pildan
"
59485,2024-10-24,5,NA,,,,shinti,dim_pl,novel,"shintidan
"
59485,2024-10-24,5,NA,,,,kora,dim_pl,familiar,"koradan
"
59485,2024-10-24,5,NA,,,,bal,dim_pl,familiar,"baldan
"
59485,2024-10-24,5,NA,,,,bal,dim_pl,familiar,"baldan
"
59485,2024-10-24,5,NA,,,,pil,dim_pl,novel,"pildan
"
59485,2024-10-24,5,NA,,,,berko,dim_pl,familiar,"berkodan
"
59485,2024-10-24,5,NA,,,,shinti,dim_pl,novel,"shintidan
"
59485,2024-10-24,5,NA,,,,shinder,dim_pl,novel,"shinderdan
"
59485,2024-10-24,5,NA,,,,kora,dim_pl,familiar,"koradan
"
59984,2024-10-24,1,NA,,,,pil,dim_pl,novel,pil
59984,2024-10-24,1,NA,,,,shinti,dim_pl,novel,never saw the ending
59984,2024-10-24,1,NA,,,,shinder,dim_pl,novel,never saw the ending
59984,2024-10-24,1,NA,,,,bal,dim_pl,familiar,balshoon
59984,2024-10-24,1,NA,,,,kora,dim_pl,familiar,korashoon
59984,2024-10-24,1,NA,,,,berko,dim_pl,familiar,berkoshoon
59984,2024-10-24,1,NA,,,,kora,dim_pl,familiar,korashoon
59984,2024-10-24,1,NA,,,,shinti,dim_pl,novel,shintishoon
59984,2024-10-24,1,NA,,,,berko,dim_pl,familiar,berkoshoon
59984,2024-10-24,1,NA,,,,shinder,dim_pl,novel,shindoshoon
59984,2024-10-24,1,NA,,,,bal,dim_pl,familiar,balshoon
59984,2024-10-24,1,NA,,,,pil,dim_pl,novel,pilshoon
59944,2024-10-24,3,NA,,,,bal,dim_pl,familiar,balshoon
59944,2024-10-24,3,NA,,,,berko,dim_pl,familiar,berkoshoon
59944,2024-10-24,3,NA,,,,kora,dim_pl,familiar,korasil
59944,2024-10-24,3,NA,,,,shinder,dim_pl,novel,shindersil
59944,2024-10-24,3,NA,,,,pil,dim_pl,novel,pilshoom
59944,2024-10-24,3,NA,,,,shinti,dim_pl,novel,shintishoom
59944,2024-10-24,3,NA,,,,berko,dim_pl,familiar,berkoshoom
59944,2024-10-24,3,NA,,,,shinti,dim_pl,novel,shintishoom
59944,2024-10-24,3,NA,,,,kora,dim_pl,familiar,korashoom
59944,2024-10-24,3,NA,,,,bal,dim_pl,familiar,balshoom
59944,2024-10-24,3,NA,,,,shinder,dim_pl,novel,shindershoom
59944,2024-10-24,3,NA,,,,pil,dim_pl,novel,pilshoom
59971,2024-10-24,2,NA,,,,bal,dim_pl,familiar,bal
59971,2024-10-24,2,NA,,,,pil,dim_pl,novel,phil
59971,2024-10-24,2,NA,,,,shinder,dim_pl,novel,shinder
59971,2024-10-24,2,NA,,,,shinti,dim_pl,novel,shinitidoea
59971,2024-10-24,2,NA,,,,berko,dim_pl,familiar,berkodan
59971,2024-10-24,2,NA,,,,kora,dim_pl,familiar,korad
59971,2024-10-24,2,NA,,,,kora,dim_pl,familiar,koradan
59971,2024-10-24,2,NA,,,,berko,dim_pl,familiar,berkoan
59971,2024-10-24,2,NA,,,,shinder,dim_pl,novel,shinderen
59971,2024-10-24,2,NA,,,,pil,dim_pl,novel,pildamor
59971,2024-10-24,2,NA,,,,bal,dim_pl,familiar,baldanic\
59971,2024-10-24,2,NA,,,,shinti,dim_pl,novel,shintien
59488,2024-10-25,4,NA,,,,berko,dim_pl,familiar,berko
59488,2024-10-25,4,NA,,,,pil,dim_pl,novel,pil
59488,2024-10-25,4,NA,,,,shinder,dim_pl,novel,shindersil
59488,2024-10-25,4,NA,,,,kora,dim_pl,familiar,korasil
59488,2024-10-25,4,NA,,,,shinti,dim_pl,novel,shintiosil
59488,2024-10-25,4,NA,,,,bal,dim_pl,familiar,balosil
59488,2024-10-25,4,NA,,,,berko,dim_pl,familiar,berkosil
59488,2024-10-25,4,NA,,,,pil,dim_pl,novel,pilosil
59488,2024-10-25,4,NA,,,,shinti,dim_pl,novel,shintiosil
59488,2024-10-25,4,NA,,,,shinder,dim_pl,novel,shinti
59488,2024-10-25,4,NA,,,,kora,dim_pl,familiar,
59488,2024-10-25,4,NA,,,,bal,dim_pl,familiar,balkan
59890,2024-10-25,6,NA,,,,shinti,dim_pl,novel,shintonans
59890,2024-10-25,6,NA,,,,kora,dim_pl,familiar,korains
59890,2024-10-25,6,NA,,,,bal,dim_pl,familiar,balons
59890,2024-10-25,6,NA,,,,berko,dim_pl,familiar,berks
59890,2024-10-25,6,NA,,,,pil,dim_pl,novel,pilsans
59890,2024-10-25,6,NA,,,,shinder,dim_pl,novel,shindsan
59890,2024-10-25,6,NA,,,,pil,dim_pl,novel,pilsians
59890,2024-10-25,6,NA,,,,shinder,dim_pl,novel,shintians
59890,2024-10-25,6,NA,,,,berko,dim_pl,familiar,berkosians
59890,2024-10-25,6,NA,,,,kora,dim_pl,familiar,korasians
59890,2024-10-25,6,NA,,,,bal,dim_pl,familiar,balsians
59890,2024-10-25,6,NA,,,,shinti,dim_pl,novel,shintisians
59453,2024-10-25,5,NA,,,,shinder,dim_pl,novel,"shinder
"
59453,2024-10-25,5,NA,,,,kora,dim_pl,familiar,"kora
"
59453,2024-10-25,5,NA,,,,bal,dim_pl,familiar,"bal
"
59453,2024-10-25,5,NA,,,,pil,dim_pl,novel,"pil
"
59453,2024-10-25,5,NA,,,,shinti,dim_pl,novel,"shinti
"
59453,2024-10-25,5,NA,,,,berko,dim_pl,familiar,"berko
"
59453,2024-10-25,5,NA,,,,shinti,dim_pl,novel,"shinti
"
59453,2024-10-25,5,NA,,,,berko,dim_pl,familiar,"berko
"
59453,2024-10-25,5,NA,,,,bal,dim_pl,familiar,"burke
"
59453,2024-10-25,5,NA,,,,shinder,dim_pl,novel,
59453,2024-10-25,5,NA,,,,kora,dim_pl,familiar,"kora
"
59453,2024-10-25,5,NA,,,,pil,dim_pl,novel,"pil
"
60050,2024-10-25,5,NA,,,,berko,dim_pl,familiar,"berkonem
"
60050,2024-10-25,5,NA,,,,kora,dim_pl,familiar,"korasil
"
60050,2024-10-25,5,NA,,,,shinder,dim_pl,novel,"mknkey
"
60050,2024-10-25,5,NA,,,,pil,dim_pl,novel,"pilonme
"
60050,2024-10-25,5,NA,,,,bal,dim_pl,familiar,"balkonem
"
60050,2024-10-25,5,NA,,,,shinti,dim_pl,novel,"shinti
"
60050,2024-10-25,5,NA,,,,kora,dim_pl,familiar,"korasill
"
60050,2024-10-25,5,NA,,,,shinti,dim_pl,novel,"shinti
"
60050,2024-10-25,5,NA,,,,pil,dim_pl,novel,"pil
"
60050,2024-10-25,5,NA,,,,berko,dim_pl,familiar,"berkonem
"
60050,2024-10-25,5,NA,,,,shinder,dim_pl,novel,"iders
"
60050,2024-10-25,5,NA,,,,bal,dim_pl,familiar,"balkonems
"
